dim_tempo_key,date,day,month,year,quarter,is_weekend
1,2018-01-01,1,1,2018,1,False
2,2018-01-02,2,1,2018,1,False
3,2018-01-03,3,1,2018,1,False
4,2018-01-04,4,1,2018,1,False
5,2018-01-05,5,1,2018,1,False
6,2018-01-06,6,1,2018,1,True
7,2018-01-07,7,1,2018,1,True
8,2018-01-08,8,1,2018,1,False
9,2018-01-09,9,1,2018,1,False
10,2018-01-10,10,1,2018,1,False
11,2018-01-11,11,1,2018,1,False
12,2018-01-12,12,1,2018,1,False
13,2018-01-13,13,1,2018,1,True
14,2018-01-14,14,1,2018,1,True
15,2018-01-15,15,1,2018,1,False
16,2018-01-16,16,1,2018,1,False
17,2018-01-17,17,1,2018,1,False
18,2018-01-18,18,1,2018,1,False
19,2018-01-19,19,1,2018,1,False
20,2018-01-20,20,1,2018,1,True
21,2018-01-21,21,1,2018,1,True
22,2018-01-22,22,1,2018,1,False
23,2018-01-23,23,1,2018,1,False
24,2018-01-24,24,1,2018,1,False
25,2018-01-25,25,1,2018,1,False
26,2018-01-26,26,1,2018,1,False
27,2018-01-27,27,1,2018,1,True
28,2018-01-28,28,1,2018,1,True
29,2018-01-29,29,1,2018,1,False
30,2018-01-30,30,1,2018,1,False
31,2018-01-31,31,1,2018,1,False
32,2018-02-01,1,2,2018,1,False
33,2018-02-02,2,2,2018,1,False
34,2018-02-03,3,2,2018,1,True
35,2018-02-04,4,2,2018,1,True
36,2018-02-05,5,2,2018,1,False
37,2018-02-06,6,2,2018,1,False
38,2018-02-07,7,2,2018,1,False
39,2018-02-08,8,2,2018,1,False
40,2018-02-09,9,2,2018,1,False
41,2018-02-10,10,2,2018,1,True
42,2018-02-11,11,2,2018,1,True
43,2018-02-12,12,2,2018,1,False
44,2018-02-13,13,2,2018,1,False
45,2018-02-14,14,2,2018,1,False
46,2018-02-15,15,2,2018,1,False
47,2018-02-16,16,2,2018,1,False
48,2018-02-17,17,2,2018,1,True
49,2018-02-18,18,2,2018,1,True
50,2018-02-19,19,2,2018,1,False
51,2018-02-20,20,2,2018,1,False
52,2018-02-21,21,2,2018,1,False
53,2018-02-22,22,2,2018,1,False
54,2018-02-23,23,2,2018,1,False
55,2018-02-24,24,2,2018,1,True
56,2018-02-25,25,2,2018,1,True
57,2018-02-26,26,2,2018,1,False
58,2018-02-27,27,2,2018,1,False
59,2018-02-28,28,2,2018,1,False
60,2018-03-01,1,3,2018,1,False
61,2018-03-02,2,3,2018,1,False
62,2018-03-03,3,3,2018,1,True
63,2018-03-04,4,3,2018,1,True
64,2018-03-05,5,3,2018,1,False
65,2018-03-06,6,3,2018,1,False
66,2018-03-07,7,3,2018,1,False
67,2018-03-08,8,3,2018,1,False
68,2018-03-09,9,3,2018,1,False
69,2018-03-10,10,3,2018,1,True
70,2018-03-11,11,3,2018,1,True
71,2018-03-12,12,3,2018,1,False
72,2018-03-13,13,3,2018,1,False
73,2018-03-14,14,3,2018,1,False
74,2018-03-15,15,3,2018,1,False
75,2018-03-16,16,3,2018,1,False
76,2018-03-17,17,3,2018,1,True
77,2018-03-18,18,3,2018,1,True
78,2018-03-19,19,3,2018,1,False
79,2018-03-20,20,3,2018,1,False
80,2018-03-21,21,3,2018,1,False
81,2018-03-22,22,3,2018,1,False
82,2018-03-23,23,3,2018,1,False
83,2018-03-24,24,3,2018,1,True
84,2018-03-25,25,3,2018,1,True
85,2018-03-26,26,3,2018,1,False
86,2018-03-27,27,3,2018,1,False
87,2018-03-28,28,3,2018,1,False
88,2018-03-29,29,3,2018,1,False
89,2018-03-30,30,3,2018,1,False
90,2018-03-31,31,3,2018,1,True
91,2018-04-01,1,4,2018,2,True
92,2018-04-02,2,4,2018,2,False
93,2018-04-03,3,4,2018,2,False
94,2018-04-04,4,4,2018,2,False
95,2018-04-05,5,4,2018,2,False
96,2018-04-06,6,4,2018,2,False
97,2018-04-07,7,4,2018,2,True
98,2018-04-08,8,4,2018,2,True
99,2018-04-09,9,4,2018,2,False
100,2018-04-10,10,4,2018,2,False
101,2018-04-11,11,4,2018,2,False
102,2018-04-12,12,4,2018,2,False
103,2018-04-13,13,4,2018,2,False
104,2018-04-14,14,4,2018,2,True
105,2018-04-15,15,4,2018,2,True
106,2018-04-16,16,4,2018,2,False
107,2018-04-17,17,4,2018,2,False
108,2018-04-18,18,4,2018,2,False
109,2018-04-19,19,4,2018,2,False
110,2018-04-20,20,4,2018,2,False
111,2018-04-21,21,4,2018,2,True
112,2018-04-22,22,4,2018,2,True
113,2018-04-23,23,4,2018,2,False
114,2018-04-24,24,4,2018,2,False
115,2018-04-25,25,4,2018,2,False
116,2018-04-26,26,4,2018,2,False
117,2018-04-27,27,4,2018,2,False
118,2018-04-28,28,4,2018,2,True
119,2018-04-29,29,4,2018,2,True
120,2018-04-30,30,4,2018,2,False
121,2018-05-01,1,5,2018,2,False
122,2018-05-02,2,5,2018,2,False
123,2018-05-03,3,5,2018,2,False
124,2018-05-04,4,5,2018,2,False
125,2018-05-05,5,5,2018,2,True
126,2018-05-06,6,5,2018,2,True
127,2018-05-07,7,5,2018,2,False
128,2018-05-08,8,5,2018,2,False
129,2018-05-09,9,5,2018,2,False
130,2018-05-10,10,5,2018,2,False
131,2018-05-11,11,5,2018,2,False
132,2018-05-12,12,5,2018,2,True
133,2018-05-13,13,5,2018,2,True
134,2018-05-14,14,5,2018,2,False
135,2018-05-15,15,5,2018,2,False
136,2018-05-16,16,5,2018,2,False
137,2018-05-17,17,5,2018,2,False
138,2018-05-18,18,5,2018,2,False
139,2018-05-19,19,5,2018,2,True
140,2018-05-20,20,5,2018,2,True
141,2018-05-21,21,5,2018,2,False
142,2018-05-22,22,5,2018,2,False
143,2018-05-23,23,5,2018,2,False
144,2018-05-24,24,5,2018,2,False
145,2018-05-25,25,5,2018,2,False
146,2018-05-26,26,5,2018,2,True
147,2018-05-27,27,5,2018,2,True
148,2018-05-28,28,5,2018,2,False
149,2018-05-29,29,5,2018,2,False
150,2018-05-30,30,5,2018,2,False
151,2018-05-31,31,5,2018,2,False
152,2018-06-01,1,6,2018,2,False
153,2018-06-02,2,6,2018,2,True
154,2018-06-03,3,6,2018,2,True
155,2018-06-04,4,6,2018,2,False
156,2018-06-05,5,6,2018,2,False
157,2018-06-06,6,6,2018,2,False
158,2018-06-07,7,6,2018,2,False
159,2018-06-08,8,6,2018,2,False
160,2018-06-09,9,6,2018,2,True
161,2018-06-10,10,6,2018,2,True
162,2018-06-11,11,6,2018,2,False
163,2018-06-12,12,6,2018,2,False
164,2018-06-13,13,6,2018,2,False
165,2018-06-14,14,6,2018,2,False
166,2018-06-15,15,6,2018,2,False
167,2018-06-16,16,6,2018,2,True
168,2018-06-17,17,6,2018,2,True
169,2018-06-18,18,6,2018,2,False
170,2018-06-19,19,6,2018,2,False
171,2018-06-20,20,6,2018,2,False
172,2018-06-21,21,6,2018,2,False
173,2018-06-22,22,6,2018,2,False
174,2018-06-23,23,6,2018,2,True
175,2018-06-24,24,6,2018,2,True
176,2018-06-25,25,6,2018,2,False
177,2018-06-26,26,6,2018,2,False
178,2018-06-27,27,6,2018,2,False
179,2018-06-28,28,6,2018,2,False
180,2018-06-29,29,6,2018,2,False
181,2018-06-30,30,6,2018,2,True
182,2018-07-01,1,7,2018,3,True
183,2018-07-02,2,7,2018,3,False
184,2018-07-03,3,7,2018,3,False
185,2018-07-04,4,7,2018,3,False
186,2018-07-05,5,7,2018,3,False
187,2018-07-06,6,7,2018,3,False
188,2018-07-07,7,7,2018,3,True
189,2018-07-08,8,7,2018,3,True
190,2018-07-09,9,7,2018,3,False
191,2018-07-10,10,7,2018,3,False
192,2018-07-11,11,7,2018,3,False
193,2018-07-12,12,7,2018,3,False
194,2018-07-13,13,7,2018,3,False
195,2018-07-14,14,7,2018,3,True
196,2018-07-15,15,7,2018,3,True
197,2018-07-16,16,7,2018,3,False
198,2018-07-17,17,7,2018,3,False
199,2018-07-18,18,7,2018,3,False
200,2018-07-19,19,7,2018,3,False
201,2018-07-20,20,7,2018,3,False
202,2018-07-21,21,7,2018,3,True
203,2018-07-22,22,7,2018,3,True
204,2018-07-23,23,7,2018,3,False
205,2018-07-24,24,7,2018,3,False
206,2018-07-25,25,7,2018,3,False
207,2018-07-26,26,7,2018,3,False
208,2018-07-27,27,7,2018,3,False
209,2018-07-28,28,7,2018,3,True
210,2018-07-29,29,7,2018,3,True
211,2018-07-30,30,7,2018,3,False
212,2018-07-31,31,7,2018,3,False
213,2018-08-01,1,8,2018,3,False
214,2018-08-02,2,8,2018,3,False
215,2018-08-03,3,8,2018,3,False
216,2018-08-04,4,8,2018,3,True
217,2018-08-05,5,8,2018,3,True
218,2018-08-06,6,8,2018,3,False
219,2018-08-07,7,8,2018,3,False
220,2018-08-08,8,8,2018,3,False
221,2018-08-09,9,8,2018,3,False
222,2018-08-10,10,8,2018,3,False
223,2018-08-11,11,8,2018,3,True
224,2018-08-12,12,8,2018,3,True
225,2018-08-13,13,8,2018,3,False
226,2018-08-14,14,8,2018,3,False
227,2018-08-15,15,8,2018,3,False
228,2018-08-16,16,8,2018,3,False
229,2018-08-17,17,8,2018,3,False
230,2018-08-18,18,8,2018,3,True
231,2018-08-19,19,8,2018,3,True
232,2018-08-20,20,8,2018,3,False
233,2018-08-21,21,8,2018,3,False
234,2018-08-22,22,8,2018,3,False
235,2018-08-23,23,8,2018,3,False
236,2018-08-24,24,8,2018,3,False
237,2018-08-25,25,8,2018,3,True
238,2018-08-26,26,8,2018,3,True
239,2018-08-27,27,8,2018,3,False
240,2018-08-28,28,8,2018,3,False
241,2018-08-29,29,8,2018,3,False
242,2018-08-30,30,8,2018,3,False
243,2018-08-31,31,8,2018,3,False
244,2018-09-01,1,9,2018,3,True
245,2018-09-02,2,9,2018,3,True
246,2018-09-03,3,9,2018,3,False
247,2018-09-04,4,9,2018,3,False
248,2018-09-05,5,9,2018,3,False
249,2018-09-06,6,9,2018,3,False
250,2018-09-07,7,9,2018,3,False
251,2018-09-08,8,9,2018,3,True
252,2018-09-09,9,9,2018,3,True
253,2018-09-10,10,9,2018,3,False
254,2018-09-11,11,9,2018,3,False
255,2018-09-12,12,9,2018,3,False
256,2018-09-13,13,9,2018,3,False
257,2018-09-14,14,9,2018,3,False
258,2018-09-15,15,9,2018,3,True
259,2018-09-16,16,9,2018,3,True
260,2018-09-17,17,9,2018,3,False
261,2018-09-18,18,9,2018,3,False
262,2018-09-19,19,9,2018,3,False
263,2018-09-20,20,9,2018,3,False
264,2018-09-21,21,9,2018,3,False
265,2018-09-22,22,9,2018,3,True
266,2018-09-23,23,9,2018,3,True
267,2018-09-24,24,9,2018,3,False
268,2018-09-25,25,9,2018,3,False
269,2018-09-26,26,9,2018,3,False
270,2018-09-27,27,9,2018,3,False
271,2018-09-28,28,9,2018,3,False
272,2018-09-29,29,9,2018,3,True
273,2018-09-30,30,9,2018,3,True
274,2018-10-01,1,10,2018,4,False
275,2018-10-02,2,10,2018,4,False
276,2018-10-03,3,10,2018,4,False
277,2018-10-04,4,10,2018,4,False
278,2018-10-05,5,10,2018,4,False
279,2018-10-06,6,10,2018,4,True
280,2018-10-07,7,10,2018,4,True
281,2018-10-08,8,10,2018,4,False
282,2018-10-09,9,10,2018,4,False
283,2018-10-10,10,10,2018,4,False
284,2018-10-11,11,10,2018,4,False
285,2018-10-12,12,10,2018,4,False
286,2018-10-13,13,10,2018,4,True
287,2018-10-14,14,10,2018,4,True
288,2018-10-15,15,10,2018,4,False
289,2018-10-16,16,10,2018,4,False
290,2018-10-17,17,10,2018,4,False
291,2018-10-18,18,10,2018,4,False
292,2018-10-19,19,10,2018,4,False
293,2018-10-20,20,10,2018,4,True
294,2018-10-21,21,10,2018,4,True
295,2018-10-22,22,10,2018,4,False
296,2018-10-23,23,10,2018,4,False
297,2018-10-24,24,10,2018,4,False
298,2018-10-25,25,10,2018,4,False
299,2018-10-26,26,10,2018,4,False
300,2018-10-27,27,10,2018,4,True
301,2018-10-28,28,10,2018,4,True
302,2018-10-29,29,10,2018,4,False
303,2018-10-30,30,10,2018,4,False
304,2018-10-31,31,10,2018,4,False
305,2018-11-01,1,11,2018,4,False
306,2018-11-02,2,11,2018,4,False
307,2018-11-03,3,11,2018,4,True
308,2018-11-04,4,11,2018,4,True
309,2018-11-05,5,11,2018,4,False
310,2018-11-06,6,11,2018,4,False
311,2018-11-07,7,11,2018,4,False
312,2018-11-08,8,11,2018,4,False
313,2018-11-09,9,11,2018,4,False
314,2018-11-10,10,11,2018,4,True
315,2018-11-11,11,11,2018,4,True
316,2018-11-12,12,11,2018,4,False
317,2018-11-13,13,11,2018,4,False
318,2018-11-14,14,11,2018,4,False
319,2018-11-15,15,11,2018,4,False
320,2018-11-16,16,11,2018,4,False
321,2018-11-17,17,11,2018,4,True
322,2018-11-18,18,11,2018,4,True
323,2018-11-19,19,11,2018,4,False
324,2018-11-20,20,11,2018,4,False
325,2018-11-21,21,11,2018,4,False
326,2018-11-22,22,11,2018,4,False
327,2018-11-23,23,11,2018,4,False
328,2018-11-24,24,11,2018,4,True
329,2018-11-25,25,11,2018,4,True
330,2018-11-26,26,11,2018,4,False
331,2018-11-27,27,11,2018,4,False
332,2018-11-28,28,11,2018,4,False
333,2018-11-29,29,11,2018,4,False
334,2018-11-30,30,11,2018,4,False
335,2018-12-01,1,12,2018,4,True
336,2018-12-02,2,12,2018,4,True
337,2018-12-03,3,12,2018,4,False
338,2018-12-04,4,12,2018,4,False
339,2018-12-05,5,12,2018,4,False
340,2018-12-06,6,12,2018,4,False
341,2018-12-07,7,12,2018,4,False
342,2018-12-08,8,12,2018,4,True
343,2018-12-09,9,12,2018,4,True
344,2018-12-10,10,12,2018,4,False
345,2018-12-11,11,12,2018,4,False
346,2018-12-12,12,12,2018,4,False
347,2018-12-13,13,12,2018,4,False
348,2018-12-14,14,12,2018,4,False
349,2018-12-15,15,12,2018,4,True
350,2018-12-16,16,12,2018,4,True
351,2018-12-17,17,12,2018,4,False
352,2018-12-18,18,12,2018,4,False
353,2018-12-19,19,12,2018,4,False
354,2018-12-20,20,12,2018,4,False
355,2018-12-21,21,12,2018,4,False
356,2018-12-22,22,12,2018,4,True
357,2018-12-23,23,12,2018,4,True
358,2018-12-24,24,12,2018,4,False
359,2018-12-25,25,12,2018,4,False
360,2018-12-26,26,12,2018,4,False
361,2018-12-27,27,12,2018,4,False
362,2018-12-28,28,12,2018,4,False
363,2018-12-29,29,12,2018,4,True
364,2018-12-30,30,12,2018,4,True
365,2018-12-31,31,12,2018,4,False
366,2019-01-01,1,1,2019,1,False
367,2019-01-02,2,1,2019,1,False
368,2019-01-03,3,1,2019,1,False
369,2019-01-04,4,1,2019,1,False
370,2019-01-05,5,1,2019,1,True
371,2019-01-06,6,1,2019,1,True
372,2019-01-07,7,1,2019,1,False
373,2019-01-08,8,1,2019,1,False
374,2019-01-09,9,1,2019,1,False
375,2019-01-10,10,1,2019,1,False
376,2019-01-11,11,1,2019,1,False
377,2019-01-12,12,1,2019,1,True
378,2019-01-13,13,1,2019,1,True
379,2019-01-14,14,1,2019,1,False
380,2019-01-15,15,1,2019,1,False
381,2019-01-16,16,1,2019,1,False
382,2019-01-17,17,1,2019,1,False
383,2019-01-18,18,1,2019,1,False
384,2019-01-19,19,1,2019,1,True
385,2019-01-20,20,1,2019,1,True
386,2019-01-21,21,1,2019,1,False
387,2019-01-22,22,1,2019,1,False
388,2019-01-23,23,1,2019,1,False
389,2019-01-24,24,1,2019,1,False
390,2019-01-25,25,1,2019,1,False
391,2019-01-26,26,1,2019,1,True
392,2019-01-27,27,1,2019,1,True
393,2019-01-28,28,1,2019,1,False
394,2019-01-29,29,1,2019,1,False
395,2019-01-30,30,1,2019,1,False
396,2019-01-31,31,1,2019,1,False
397,2019-02-01,1,2,2019,1,False
398,2019-02-02,2,2,2019,1,True
399,2019-02-03,3,2,2019,1,True
400,2019-02-04,4,2,2019,1,False
401,2019-02-05,5,2,2019,1,False
402,2019-02-06,6,2,2019,1,False
403,2019-02-07,7,2,2019,1,False
404,2019-02-08,8,2,2019,1,False
405,2019-02-09,9,2,2019,1,True
406,2019-02-10,10,2,2019,1,True
407,2019-02-11,11,2,2019,1,False
408,2019-02-12,12,2,2019,1,False
409,2019-02-13,13,2,2019,1,False
410,2019-02-14,14,2,2019,1,False
411,2019-02-15,15,2,2019,1,False
412,2019-02-16,16,2,2019,1,True
413,2019-02-17,17,2,2019,1,True
414,2019-02-18,18,2,2019,1,False
415,2019-02-19,19,2,2019,1,False
416,2019-02-20,20,2,2019,1,False
417,2019-02-21,21,2,2019,1,False
418,2019-02-22,22,2,2019,1,False
419,2019-02-23,23,2,2019,1,True
420,2019-02-24,24,2,2019,1,True
421,2019-02-25,25,2,2019,1,False
422,2019-02-26,26,2,2019,1,False
423,2019-02-27,27,2,2019,1,False
424,2019-02-28,28,2,2019,1,False
425,2019-03-01,1,3,2019,1,False
426,2019-03-02,2,3,2019,1,True
427,2019-03-03,3,3,2019,1,True
428,2019-03-04,4,3,2019,1,False
429,2019-03-05,5,3,2019,1,False
430,2019-03-06,6,3,2019,1,False
431,2019-03-07,7,3,2019,1,False
432,2019-03-08,8,3,2019,1,False
433,2019-03-09,9,3,2019,1,True
434,2019-03-10,10,3,2019,1,True
435,2019-03-11,11,3,2019,1,False
436,2019-03-12,12,3,2019,1,False
437,2019-03-13,13,3,2019,1,False
438,2019-03-14,14,3,2019,1,False
439,2019-03-15,15,3,2019,1,False
440,2019-03-16,16,3,2019,1,True
441,2019-03-17,17,3,2019,1,True
442,2019-03-18,18,3,2019,1,False
443,2019-03-19,19,3,2019,1,False
444,2019-03-20,20,3,2019,1,False
445,2019-03-21,21,3,2019,1,False
446,2019-03-22,22,3,2019,1,False
447,2019-03-23,23,3,2019,1,True
448,2019-03-24,24,3,2019,1,True
449,2019-03-25,25,3,2019,1,False
450,2019-03-26,26,3,2019,1,False
451,2019-03-27,27,3,2019,1,False
452,2019-03-28,28,3,2019,1,False
453,2019-03-29,29,3,2019,1,False
454,2019-03-30,30,3,2019,1,True
455,2019-03-31,31,3,2019,1,True
456,2019-04-01,1,4,2019,2,False
457,2019-04-02,2,4,2019,2,False
458,2019-04-03,3,4,2019,2,False
459,2019-04-04,4,4,2019,2,False
460,2019-04-05,5,4,2019,2,False
461,2019-04-06,6,4,2019,2,True
462,2019-04-07,7,4,2019,2,True
463,2019-04-08,8,4,2019,2,False
464,2019-04-09,9,4,2019,2,False
465,2019-04-10,10,4,2019,2,False
466,2019-04-11,11,4,2019,2,False
467,2019-04-12,12,4,2019,2,False
468,2019-04-13,13,4,2019,2,True
469,2019-04-14,14,4,2019,2,True
470,2019-04-15,15,4,2019,2,False
471,2019-04-16,16,4,2019,2,False
472,2019-04-17,17,4,2019,2,False
473,2019-04-18,18,4,2019,2,False
474,2019-04-19,19,4,2019,2,False
475,2019-04-20,20,4,2019,2,True
476,2019-04-21,21,4,2019,2,True
477,2019-04-22,22,4,2019,2,False
478,2019-04-23,23,4,2019,2,False
479,2019-04-24,24,4,2019,2,False
480,2019-04-25,25,4,2019,2,False
481,2019-04-26,26,4,2019,2,False
482,2019-04-27,27,4,2019,2,True
483,2019-04-28,28,4,2019,2,True
484,2019-04-29,29,4,2019,2,False
485,2019-04-30,30,4,2019,2,False
486,2019-05-01,1,5,2019,2,False
487,2019-05-02,2,5,2019,2,False
488,2019-05-03,3,5,2019,2,False
489,2019-05-04,4,5,2019,2,True
490,2019-05-05,5,5,2019,2,True
491,2019-05-06,6,5,2019,2,False
492,2019-05-07,7,5,2019,2,False
493,2019-05-08,8,5,2019,2,False
494,2019-05-09,9,5,2019,2,False
495,2019-05-10,10,5,2019,2,False
496,2019-05-11,11,5,2019,2,True
497,2019-05-12,12,5,2019,2,True
498,2019-05-13,13,5,2019,2,False
499,2019-05-14,14,5,2019,2,False
500,2019-05-15,15,5,2019,2,False
501,2019-05-16,16,5,2019,2,False
502,2019-05-17,17,5,2019,2,False
503,2019-05-18,18,5,2019,2,True
504,2019-05-19,19,5,2019,2,True
505,2019-05-20,20,5,2019,2,False
506,2019-05-21,21,5,2019,2,False
507,2019-05-22,22,5,2019,2,False
508,2019-05-23,23,5,2019,2,False
509,2019-05-24,24,5,2019,2,False
510,2019-05-25,25,5,2019,2,True
511,2019-05-26,26,5,2019,2,True
512,2019-05-27,27,5,2019,2,False
513,2019-05-28,28,5,2019,2,False
514,2019-05-29,29,5,2019,2,False
515,2019-05-30,30,5,2019,2,False
516,2019-05-31,31,5,2019,2,False
517,2019-06-01,1,6,2019,2,True
518,2019-06-02,2,6,2019,2,True
519,2019-06-03,3,6,2019,2,False
520,2019-06-04,4,6,2019,2,False
521,2019-06-05,5,6,2019,2,False
522,2019-06-06,6,6,2019,2,False
523,2019-06-07,7,6,2019,2,False
524,2019-06-08,8,6,2019,2,True
525,2019-06-09,9,6,2019,2,True
526,2019-06-10,10,6,2019,2,False
527,2019-06-11,11,6,2019,2,False
528,2019-06-12,12,6,2019,2,False
529,2019-06-13,13,6,2019,2,False
530,2019-06-14,14,6,2019,2,False
531,2019-06-15,15,6,2019,2,True
532,2019-06-16,16,6,2019,2,True
533,2019-06-17,17,6,2019,2,False
534,2019-06-18,18,6,2019,2,False
535,2019-06-19,19,6,2019,2,False
536,2019-06-20,20,6,2019,2,False
537,2019-06-21,21,6,2019,2,False
538,2019-06-22,22,6,2019,2,True
539,2019-06-23,23,6,2019,2,True
540,2019-06-24,24,6,2019,2,False
541,2019-06-25,25,6,2019,2,False
542,2019-06-26,26,6,2019,2,False
543,2019-06-27,27,6,2019,2,False
544,2019-06-28,28,6,2019,2,False
545,2019-06-29,29,6,2019,2,True
546,2019-06-30,30,6,2019,2,True
547,2019-07-01,1,7,2019,3,False
548,2019-07-02,2,7,2019,3,False
549,2019-07-03,3,7,2019,3,False
550,2019-07-04,4,7,2019,3,False
551,2019-07-05,5,7,2019,3,False
552,2019-07-06,6,7,2019,3,True
553,2019-07-07,7,7,2019,3,True
554,2019-07-08,8,7,2019,3,False
555,2019-07-09,9,7,2019,3,False
556,2019-07-10,10,7,2019,3,False
557,2019-07-11,11,7,2019,3,False
558,2019-07-12,12,7,2019,3,False
559,2019-07-13,13,7,2019,3,True
560,2019-07-14,14,7,2019,3,True
561,2019-07-15,15,7,2019,3,False
562,2019-07-16,16,7,2019,3,False
563,2019-07-17,17,7,2019,3,False
564,2019-07-18,18,7,2019,3,False
565,2019-07-19,19,7,2019,3,False
566,2019-07-20,20,7,2019,3,True
567,2019-07-21,21,7,2019,3,True
568,2019-07-22,22,7,2019,3,False
569,2019-07-23,23,7,2019,3,False
570,2019-07-24,24,7,2019,3,False
571,2019-07-25,25,7,2019,3,False
572,2019-07-26,26,7,2019,3,False
573,2019-07-27,27,7,2019,3,True
574,2019-07-28,28,7,2019,3,True
575,2019-07-29,29,7,2019,3,False
576,2019-07-30,30,7,2019,3,False
577,2019-07-31,31,7,2019,3,False
578,2019-08-01,1,8,2019,3,False
579,2019-08-02,2,8,2019,3,False
580,2019-08-03,3,8,2019,3,True
581,2019-08-04,4,8,2019,3,True
582,2019-08-05,5,8,2019,3,False
583,2019-08-06,6,8,2019,3,False
584,2019-08-07,7,8,2019,3,False
585,2019-08-08,8,8,2019,3,False
586,2019-08-09,9,8,2019,3,False
587,2019-08-10,10,8,2019,3,True
588,2019-08-11,11,8,2019,3,True
589,2019-08-12,12,8,2019,3,False
590,2019-08-13,13,8,2019,3,False
591,2019-08-14,14,8,2019,3,False
592,2019-08-15,15,8,2019,3,False
593,2019-08-16,16,8,2019,3,False
594,2019-08-17,17,8,2019,3,True
595,2019-08-18,18,8,2019,3,True
596,2019-08-19,19,8,2019,3,False
597,2019-08-20,20,8,2019,3,False
598,2019-08-21,21,8,2019,3,False
599,2019-08-22,22,8,2019,3,False
600,2019-08-23,23,8,2019,3,False
601,2019-08-24,24,8,2019,3,True
602,2019-08-25,25,8,2019,3,True
603,2019-08-26,26,8,2019,3,False
604,2019-08-27,27,8,2019,3,False
605,2019-08-28,28,8,2019,3,False
606,2019-08-29,29,8,2019,3,False
607,2019-08-30,30,8,2019,3,False
608,2019-08-31,31,8,2019,3,True
609,2019-09-01,1,9,2019,3,True
610,2019-09-02,2,9,2019,3,False
611,2019-09-03,3,9,2019,3,False
612,2019-09-04,4,9,2019,3,False
613,2019-09-05,5,9,2019,3,False
614,2019-09-06,6,9,2019,3,False
615,2019-09-07,7,9,2019,3,True
616,2019-09-08,8,9,2019,3,True
617,2019-09-09,9,9,2019,3,False
618,2019-09-10,10,9,2019,3,False
619,2019-09-11,11,9,2019,3,False
620,2019-09-12,12,9,2019,3,False
621,2019-09-13,13,9,2019,3,False
622,2019-09-14,14,9,2019,3,True
623,2019-09-15,15,9,2019,3,True
624,2019-09-16,16,9,2019,3,False
625,2019-09-17,17,9,2019,3,False
626,2019-09-18,18,9,2019,3,False
627,2019-09-19,19,9,2019,3,False
628,2019-09-20,20,9,2019,3,False
629,2019-09-21,21,9,2019,3,True
630,2019-09-22,22,9,2019,3,True
631,2019-09-23,23,9,2019,3,False
632,2019-09-24,24,9,2019,3,False
633,2019-09-25,25,9,2019,3,False
634,2019-09-26,26,9,2019,3,False
635,2019-09-27,27,9,2019,3,False
636,2019-09-28,28,9,2019,3,True
637,2019-09-29,29,9,2019,3,True
638,2019-09-30,30,9,2019,3,False
639,2019-10-01,1,10,2019,4,False
640,2019-10-02,2,10,2019,4,False
641,2019-10-03,3,10,2019,4,False
642,2019-10-04,4,10,2019,4,False
643,2019-10-05,5,10,2019,4,True
644,2019-10-06,6,10,2019,4,True
645,2019-10-07,7,10,2019,4,False
646,2019-10-08,8,10,2019,4,False
647,2019-10-09,9,10,2019,4,False
648,2019-10-10,10,10,2019,4,False
649,2019-10-11,11,10,2019,4,False
650,2019-10-12,12,10,2019,4,True
651,2019-10-13,13,10,2019,4,True
652,2019-10-14,14,10,2019,4,False
653,2019-10-15,15,10,2019,4,False
654,2019-10-16,16,10,2019,4,False
655,2019-10-17,17,10,2019,4,False
656,2019-10-18,18,10,2019,4,False
657,2019-10-19,19,10,2019,4,True
658,2019-10-20,20,10,2019,4,True
659,2019-10-21,21,10,2019,4,False
660,2019-10-22,22,10,2019,4,False
661,2019-10-23,23,10,2019,4,False
662,2019-10-24,24,10,2019,4,False
663,2019-10-25,25,10,2019,4,False
664,2019-10-26,26,10,2019,4,True
665,2019-10-27,27,10,2019,4,True
666,2019-10-28,28,10,2019,4,False
667,2019-10-29,29,10,2019,4,False
668,2019-10-30,30,10,2019,4,False
669,2019-10-31,31,10,2019,4,False
670,2019-11-01,1,11,2019,4,False
671,2019-11-02,2,11,2019,4,True
672,2019-11-03,3,11,2019,4,True
673,2019-11-04,4,11,2019,4,False
674,2019-11-05,5,11,2019,4,False
675,2019-11-06,6,11,2019,4,False
676,2019-11-07,7,11,2019,4,False
677,2019-11-08,8,11,2019,4,False
678,2019-11-09,9,11,2019,4,True
679,2019-11-10,10,11,2019,4,True
680,2019-11-11,11,11,2019,4,False
681,2019-11-12,12,11,2019,4,False
682,2019-11-13,13,11,2019,4,False
683,2019-11-14,14,11,2019,4,False
684,2019-11-15,15,11,2019,4,False
685,2019-11-16,16,11,2019,4,True
686,2019-11-17,17,11,2019,4,True
687,2019-11-18,18,11,2019,4,False
688,2019-11-19,19,11,2019,4,False
689,2019-11-20,20,11,2019,4,False
690,2019-11-21,21,11,2019,4,False
691,2019-11-22,22,11,2019,4,False
692,2019-11-23,23,11,2019,4,True
693,2019-11-24,24,11,2019,4,True
694,2019-11-25,25,11,2019,4,False
695,2019-11-26,26,11,2019,4,False
696,2019-11-27,27,11,2019,4,False
697,2019-11-28,28,11,2019,4,False
698,2019-11-29,29,11,2019,4,False
699,2019-11-30,30,11,2019,4,True
700,2019-12-01,1,12,2019,4,True
701,2019-12-02,2,12,2019,4,False
702,2019-12-03,3,12,2019,4,False
703,2019-12-04,4,12,2019,4,False
704,2019-12-05,5,12,2019,4,False
705,2019-12-06,6,12,2019,4,False
706,2019-12-07,7,12,2019,4,True
707,2019-12-08,8,12,2019,4,True
708,2019-12-09,9,12,2019,4,False
709,2019-12-10,10,12,2019,4,False
710,2019-12-11,11,12,2019,4,False
711,2019-12-12,12,12,2019,4,False
712,2019-12-13,13,12,2019,4,False
713,2019-12-14,14,12,2019,4,True
714,2019-12-15,15,12,2019,4,True
715,2019-12-16,16,12,2019,4,False
716,2019-12-17,17,12,2019,4,False
717,2019-12-18,18,12,2019,4,False
718,2019-12-19,19,12,2019,4,False
719,2019-12-20,20,12,2019,4,False
720,2019-12-21,21,12,2019,4,True
721,2019-12-22,22,12,2019,4,True
722,2019-12-23,23,12,2019,4,False
723,2019-12-24,24,12,2019,4,False
724,2019-12-25,25,12,2019,4,False
725,2019-12-26,26,12,2019,4,False
726,2019-12-27,27,12,2019,4,False
727,2019-12-28,28,12,2019,4,True
728,2019-12-29,29,12,2019,4,True
729,2019-12-30,30,12,2019,4,False
730,2019-12-31,31,12,2019,4,False
731,2020-01-01,1,1,2020,1,False
732,2020-01-02,2,1,2020,1,False
733,2020-01-03,3,1,2020,1,False
734,2020-01-04,4,1,2020,1,True
735,2020-01-05,5,1,2020,1,True
736,2020-01-06,6,1,2020,1,False
737,2020-01-07,7,1,2020,1,False
738,2020-01-08,8,1,2020,1,False
739,2020-01-09,9,1,2020,1,False
740,2020-01-10,10,1,2020,1,False
741,2020-01-11,11,1,2020,1,True
742,2020-01-12,12,1,2020,1,True
743,2020-01-13,13,1,2020,1,False
744,2020-01-14,14,1,2020,1,False
745,2020-01-15,15,1,2020,1,False
746,2020-01-16,16,1,2020,1,False
747,2020-01-17,17,1,2020,1,False
748,2020-01-18,18,1,2020,1,True
749,2020-01-19,19,1,2020,1,True
750,2020-01-20,20,1,2020,1,False
751,2020-01-21,21,1,2020,1,False
752,2020-01-22,22,1,2020,1,False
753,2020-01-23,23,1,2020,1,False
754,2020-01-24,24,1,2020,1,False
755,2020-01-25,25,1,2020,1,True
756,2020-01-26,26,1,2020,1,True
757,2020-01-27,27,1,2020,1,False
758,2020-01-28,28,1,2020,1,False
759,2020-01-29,29,1,2020,1,False
760,2020-01-30,30,1,2020,1,False
761,2020-01-31,31,1,2020,1,False
762,2020-02-01,1,2,2020,1,True
763,2020-02-02,2,2,2020,1,True
764,2020-02-03,3,2,2020,1,False
765,2020-02-04,4,2,2020,1,False
766,2020-02-05,5,2,2020,1,False
767,2020-02-06,6,2,2020,1,False
768,2020-02-07,7,2,2020,1,False
769,2020-02-08,8,2,2020,1,True
770,2020-02-09,9,2,2020,1,True
771,2020-02-10,10,2,2020,1,False
772,2020-02-11,11,2,2020,1,False
773,2020-02-12,12,2,2020,1,False
774,2020-02-13,13,2,2020,1,False
775,2020-02-14,14,2,2020,1,False
776,2020-02-15,15,2,2020,1,True
777,2020-02-16,16,2,2020,1,True
778,2020-02-17,17,2,2020,1,False
779,2020-02-18,18,2,2020,1,False
780,2020-02-19,19,2,2020,1,False
781,2020-02-20,20,2,2020,1,False
782,2020-02-21,21,2,2020,1,False
783,2020-02-22,22,2,2020,1,True
784,2020-02-23,23,2,2020,1,True
785,2020-02-24,24,2,2020,1,False
786,2020-02-25,25,2,2020,1,False
787,2020-02-26,26,2,2020,1,False
788,2020-02-27,27,2,2020,1,False
789,2020-02-28,28,2,2020,1,False
790,2020-02-29,29,2,2020,1,True
791,2020-03-01,1,3,2020,1,True
792,2020-03-02,2,3,2020,1,False
793,2020-03-03,3,3,2020,1,False
794,2020-03-04,4,3,2020,1,False
795,2020-03-05,5,3,2020,1,False
796,2020-03-06,6,3,2020,1,False
797,2020-03-07,7,3,2020,1,True
798,2020-03-08,8,3,2020,1,True
799,2020-03-09,9,3,2020,1,False
800,2020-03-10,10,3,2020,1,False
801,2020-03-11,11,3,2020,1,False
802,2020-03-12,12,3,2020,1,False
803,2020-03-13,13,3,2020,1,False
804,2020-03-14,14,3,2020,1,True
805,2020-03-15,15,3,2020,1,True
806,2020-03-16,16,3,2020,1,False
807,2020-03-17,17,3,2020,1,False
808,2020-03-18,18,3,2020,1,False
809,2020-03-19,19,3,2020,1,False
810,2020-03-20,20,3,2020,1,False
811,2020-03-21,21,3,2020,1,True
812,2020-03-22,22,3,2020,1,True
813,2020-03-23,23,3,2020,1,False
814,2020-03-24,24,3,2020,1,False
815,2020-03-25,25,3,2020,1,False
816,2020-03-26,26,3,2020,1,False
817,2020-03-27,27,3,2020,1,False
818,2020-03-28,28,3,2020,1,True
819,2020-03-29,29,3,2020,1,True
820,2020-03-30,30,3,2020,1,False
821,2020-03-31,31,3,2020,1,False
822,2020-04-01,1,4,2020,2,False
823,2020-04-02,2,4,2020,2,False
824,2020-04-03,3,4,2020,2,False
825,2020-04-04,4,4,2020,2,True
826,2020-04-05,5,4,2020,2,True
827,2020-04-06,6,4,2020,2,False
828,2020-04-07,7,4,2020,2,False
829,2020-04-08,8,4,2020,2,False
830,2020-04-09,9,4,2020,2,False
831,2020-04-10,10,4,2020,2,False
832,2020-04-11,11,4,2020,2,True
833,2020-04-12,12,4,2020,2,True
834,2020-04-13,13,4,2020,2,False
835,2020-04-14,14,4,2020,2,False
836,2020-04-15,15,4,2020,2,False
837,2020-04-16,16,4,2020,2,False
838,2020-04-17,17,4,2020,2,False
839,2020-04-18,18,4,2020,2,True
840,2020-04-19,19,4,2020,2,True
841,2020-04-20,20,4,2020,2,False
842,2020-04-21,21,4,2020,2,False
843,2020-04-22,22,4,2020,2,False
844,2020-04-23,23,4,2020,2,False
845,2020-04-24,24,4,2020,2,False
846,2020-04-25,25,4,2020,2,True
847,2020-04-26,26,4,2020,2,True
848,2020-04-27,27,4,2020,2,False
849,2020-04-28,28,4,2020,2,False
850,2020-04-29,29,4,2020,2,False
851,2020-04-30,30,4,2020,2,False
852,2020-05-01,1,5,2020,2,False
853,2020-05-02,2,5,2020,2,True
854,2020-05-03,3,5,2020,2,True
855,2020-05-04,4,5,2020,2,False
856,2020-05-05,5,5,2020,2,False
857,2020-05-06,6,5,2020,2,False
858,2020-05-07,7,5,2020,2,False
859,2020-05-08,8,5,2020,2,False
860,2020-05-09,9,5,2020,2,True
861,2020-05-10,10,5,2020,2,True
862,2020-05-11,11,5,2020,2,False
863,2020-05-12,12,5,2020,2,False
864,2020-05-13,13,5,2020,2,False
865,2020-05-14,14,5,2020,2,False
866,2020-05-15,15,5,2020,2,False
867,2020-05-16,16,5,2020,2,True
868,2020-05-17,17,5,2020,2,True
869,2020-05-18,18,5,2020,2,False
870,2020-05-19,19,5,2020,2,False
871,2020-05-20,20,5,2020,2,False
872,2020-05-21,21,5,2020,2,False
873,2020-05-22,22,5,2020,2,False
874,2020-05-23,23,5,2020,2,True
875,2020-05-24,24,5,2020,2,True
876,2020-05-25,25,5,2020,2,False
877,2020-05-26,26,5,2020,2,False
878,2020-05-27,27,5,2020,2,False
879,2020-05-28,28,5,2020,2,False
880,2020-05-29,29,5,2020,2,False
881,2020-05-30,30,5,2020,2,True
882,2020-05-31,31,5,2020,2,True
883,2020-06-01,1,6,2020,2,False
884,2020-06-02,2,6,2020,2,False
885,2020-06-03,3,6,2020,2,False
886,2020-06-04,4,6,2020,2,False
887,2020-06-05,5,6,2020,2,False
888,2020-06-06,6,6,2020,2,True
889,2020-06-07,7,6,2020,2,True
890,2020-06-08,8,6,2020,2,False
891,2020-06-09,9,6,2020,2,False
892,2020-06-10,10,6,2020,2,False
893,2020-06-11,11,6,2020,2,False
894,2020-06-12,12,6,2020,2,False
895,2020-06-13,13,6,2020,2,True
896,2020-06-14,14,6,2020,2,True
897,2020-06-15,15,6,2020,2,False
898,2020-06-16,16,6,2020,2,False
899,2020-06-17,17,6,2020,2,False
900,2020-06-18,18,6,2020,2,False
901,2020-06-19,19,6,2020,2,False
902,2020-06-20,20,6,2020,2,True
903,2020-06-21,21,6,2020,2,True
904,2020-06-22,22,6,2020,2,False
905,2020-06-23,23,6,2020,2,False
906,2020-06-24,24,6,2020,2,False
907,2020-06-25,25,6,2020,2,False
908,2020-06-26,26,6,2020,2,False
909,2020-06-27,27,6,2020,2,True
910,2020-06-28,28,6,2020,2,True
911,2020-06-29,29,6,2020,2,False
912,2020-06-30,30,6,2020,2,False
913,2020-07-01,1,7,2020,3,False
914,2020-07-02,2,7,2020,3,False
915,2020-07-03,3,7,2020,3,False
916,2020-07-04,4,7,2020,3,True
917,2020-07-05,5,7,2020,3,True
918,2020-07-06,6,7,2020,3,False
919,2020-07-07,7,7,2020,3,False
920,2020-07-08,8,7,2020,3,False
921,2020-07-09,9,7,2020,3,False
922,2020-07-10,10,7,2020,3,False
923,2020-07-11,11,7,2020,3,True
924,2020-07-12,12,7,2020,3,True
925,2020-07-13,13,7,2020,3,False
926,2020-07-14,14,7,2020,3,False
927,2020-07-15,15,7,2020,3,False
928,2020-07-16,16,7,2020,3,False
929,2020-07-17,17,7,2020,3,False
930,2020-07-18,18,7,2020,3,True
931,2020-07-19,19,7,2020,3,True
932,2020-07-20,20,7,2020,3,False
933,2020-07-21,21,7,2020,3,False
934,2020-07-22,22,7,2020,3,False
935,2020-07-23,23,7,2020,3,False
936,2020-07-24,24,7,2020,3,False
937,2020-07-25,25,7,2020,3,True
938,2020-07-26,26,7,2020,3,True
939,2020-07-27,27,7,2020,3,False
940,2020-07-28,28,7,2020,3,False
941,2020-07-29,29,7,2020,3,False
942,2020-07-30,30,7,2020,3,False
943,2020-07-31,31,7,2020,3,False
944,2020-08-01,1,8,2020,3,True
945,2020-08-02,2,8,2020,3,True
946,2020-08-03,3,8,2020,3,False
947,2020-08-04,4,8,2020,3,False
948,2020-08-05,5,8,2020,3,False
949,2020-08-06,6,8,2020,3,False
950,2020-08-07,7,8,2020,3,False
951,2020-08-08,8,8,2020,3,True
952,2020-08-09,9,8,2020,3,True
953,2020-08-10,10,8,2020,3,False
954,2020-08-11,11,8,2020,3,False
955,2020-08-12,12,8,2020,3,False
956,2020-08-13,13,8,2020,3,False
957,2020-08-14,14,8,2020,3,False
958,2020-08-15,15,8,2020,3,True
959,2020-08-16,16,8,2020,3,True
960,2020-08-17,17,8,2020,3,False
961,2020-08-18,18,8,2020,3,False
962,2020-08-19,19,8,2020,3,False
963,2020-08-20,20,8,2020,3,False
964,2020-08-21,21,8,2020,3,False
965,2020-08-22,22,8,2020,3,True
966,2020-08-23,23,8,2020,3,True
967,2020-08-24,24,8,2020,3,False
968,2020-08-25,25,8,2020,3,False
969,2020-08-26,26,8,2020,3,False
970,2020-08-27,27,8,2020,3,False
971,2020-08-28,28,8,2020,3,False
972,2020-08-29,29,8,2020,3,True
973,2020-08-30,30,8,2020,3,True
974,2020-08-31,31,8,2020,3,False
975,2020-09-01,1,9,2020,3,False
976,2020-09-02,2,9,2020,3,False
977,2020-09-03,3,9,2020,3,False
978,2020-09-04,4,9,2020,3,False
979,2020-09-05,5,9,2020,3,True
980,2020-09-06,6,9,2020,3,True
981,2020-09-07,7,9,2020,3,False
982,2020-09-08,8,9,2020,3,False
983,2020-09-09,9,9,2020,3,False
984,2020-09-10,10,9,2020,3,False
985,2020-09-11,11,9,2020,3,False
986,2020-09-12,12,9,2020,3,True
987,2020-09-13,13,9,2020,3,True
988,2020-09-14,14,9,2020,3,False
989,2020-09-15,15,9,2020,3,False
990,2020-09-16,16,9,2020,3,False
991,2020-09-17,17,9,2020,3,False
992,2020-09-18,18,9,2020,3,False
993,2020-09-19,19,9,2020,3,True
994,2020-09-20,20,9,2020,3,True
995,2020-09-21,21,9,2020,3,False
996,2020-09-22,22,9,2020,3,False
997,2020-09-23,23,9,2020,3,False
998,2020-09-24,24,9,2020,3,False
999,2020-09-25,25,9,2020,3,False
1000,2020-09-26,26,9,2020,3,True
1001,2020-09-27,27,9,2020,3,True
1002,2020-09-28,28,9,2020,3,False
1003,2020-09-29,29,9,2020,3,False
1004,2020-09-30,30,9,2020,3,False
1005,2020-10-01,1,10,2020,4,False
1006,2020-10-02,2,10,2020,4,False
1007,2020-10-03,3,10,2020,4,True
1008,2020-10-04,4,10,2020,4,True
1009,2020-10-05,5,10,2020,4,False
1010,2020-10-06,6,10,2020,4,False
1011,2020-10-07,7,10,2020,4,False
1012,2020-10-08,8,10,2020,4,False
1013,2020-10-09,9,10,2020,4,False
1014,2020-10-10,10,10,2020,4,True
1015,2020-10-11,11,10,2020,4,True
1016,2020-10-12,12,10,2020,4,False
1017,2020-10-13,13,10,2020,4,False
1018,2020-10-14,14,10,2020,4,False
1019,2020-10-15,15,10,2020,4,False
1020,2020-10-16,16,10,2020,4,False
1021,2020-10-17,17,10,2020,4,True
1022,2020-10-18,18,10,2020,4,True
1023,2020-10-19,19,10,2020,4,False
1024,2020-10-20,20,10,2020,4,False
1025,2020-10-21,21,10,2020,4,False
1026,2020-10-22,22,10,2020,4,False
1027,2020-10-23,23,10,2020,4,False
1028,2020-10-24,24,10,2020,4,True
1029,2020-10-25,25,10,2020,4,True
1030,2020-10-26,26,10,2020,4,False
1031,2020-10-27,27,10,2020,4,False
1032,2020-10-28,28,10,2020,4,False
1033,2020-10-29,29,10,2020,4,False
1034,2020-10-30,30,10,2020,4,False
1035,2020-10-31,31,10,2020,4,True
1036,2020-11-01,1,11,2020,4,True
1037,2020-11-02,2,11,2020,4,False
1038,2020-11-03,3,11,2020,4,False
1039,2020-11-04,4,11,2020,4,False
1040,2020-11-05,5,11,2020,4,False
1041,2020-11-06,6,11,2020,4,False
1042,2020-11-07,7,11,2020,4,True
1043,2020-11-08,8,11,2020,4,True
1044,2020-11-09,9,11,2020,4,False
1045,2020-11-10,10,11,2020,4,False
1046,2020-11-11,11,11,2020,4,False
1047,2020-11-12,12,11,2020,4,False
1048,2020-11-13,13,11,2020,4,False
1049,2020-11-14,14,11,2020,4,True
1050,2020-11-15,15,11,2020,4,True
1051,2020-11-16,16,11,2020,4,False
1052,2020-11-17,17,11,2020,4,False
1053,2020-11-18,18,11,2020,4,False
1054,2020-11-19,19,11,2020,4,False
1055,2020-11-20,20,11,2020,4,False
1056,2020-11-21,21,11,2020,4,True
1057,2020-11-22,22,11,2020,4,True
1058,2020-11-23,23,11,2020,4,False
1059,2020-11-24,24,11,2020,4,False
1060,2020-11-25,25,11,2020,4,False
1061,2020-11-26,26,11,2020,4,False
1062,2020-11-27,27,11,2020,4,False
1063,2020-11-28,28,11,2020,4,True
1064,2020-11-29,29,11,2020,4,True
1065,2020-11-30,30,11,2020,4,False
1066,2020-12-01,1,12,2020,4,False
1067,2020-12-02,2,12,2020,4,False
1068,2020-12-03,3,12,2020,4,False
1069,2020-12-04,4,12,2020,4,False
1070,2020-12-05,5,12,2020,4,True
1071,2020-12-06,6,12,2020,4,True
1072,2020-12-07,7,12,2020,4,False
1073,2020-12-08,8,12,2020,4,False
1074,2020-12-09,9,12,2020,4,False
1075,2020-12-10,10,12,2020,4,False
1076,2020-12-11,11,12,2020,4,False
1077,2020-12-12,12,12,2020,4,True
1078,2020-12-13,13,12,2020,4,True
1079,2020-12-14,14,12,2020,4,False
1080,2020-12-15,15,12,2020,4,False
1081,2020-12-16,16,12,2020,4,False
1082,2020-12-17,17,12,2020,4,False
1083,2020-12-18,18,12,2020,4,False
1084,2020-12-19,19,12,2020,4,True
1085,2020-12-20,20,12,2020,4,True
1086,2020-12-21,21,12,2020,4,False
1087,2020-12-22,22,12,2020,4,False
1088,2020-12-23,23,12,2020,4,False
1089,2020-12-24,24,12,2020,4,False
1090,2020-12-25,25,12,2020,4,False
1091,2020-12-26,26,12,2020,4,True
1092,2020-12-27,27,12,2020,4,True
1093,2020-12-28,28,12,2020,4,False
1094,2020-12-29,29,12,2020,4,False
1095,2020-12-30,30,12,2020,4,False
1096,2020-12-31,31,12,2020,4,False
1097,2021-01-01,1,1,2021,1,False
1098,2021-01-02,2,1,2021,1,True
1099,2021-01-03,3,1,2021,1,True
1100,2021-01-04,4,1,2021,1,False
1101,2021-01-05,5,1,2021,1,False
1102,2021-01-06,6,1,2021,1,False
1103,2021-01-07,7,1,2021,1,False
1104,2021-01-08,8,1,2021,1,False
1105,2021-01-09,9,1,2021,1,True
1106,2021-01-10,10,1,2021,1,True
1107,2021-01-11,11,1,2021,1,False
1108,2021-01-12,12,1,2021,1,False
1109,2021-01-13,13,1,2021,1,False
1110,2021-01-14,14,1,2021,1,False
1111,2021-01-15,15,1,2021,1,False
1112,2021-01-16,16,1,2021,1,True
1113,2021-01-17,17,1,2021,1,True
1114,2021-01-18,18,1,2021,1,False
1115,2021-01-19,19,1,2021,1,False
1116,2021-01-20,20,1,2021,1,False
1117,2021-01-21,21,1,2021,1,False
1118,2021-01-22,22,1,2021,1,False
1119,2021-01-23,23,1,2021,1,True
1120,2021-01-24,24,1,2021,1,True
1121,2021-01-25,25,1,2021,1,False
1122,2021-01-26,26,1,2021,1,False
1123,2021-01-27,27,1,2021,1,False
1124,2021-01-28,28,1,2021,1,False
1125,2021-01-29,29,1,2021,1,False
1126,2021-01-30,30,1,2021,1,True
1127,2021-01-31,31,1,2021,1,True
1128,2021-02-01,1,2,2021,1,False
1129,2021-02-02,2,2,2021,1,False
1130,2021-02-03,3,2,2021,1,False
1131,2021-02-04,4,2,2021,1,False
1132,2021-02-05,5,2,2021,1,False
1133,2021-02-06,6,2,2021,1,True
1134,2021-02-07,7,2,2021,1,True
1135,2021-02-08,8,2,2021,1,False
1136,2021-02-09,9,2,2021,1,False
1137,2021-02-10,10,2,2021,1,False
1138,2021-02-11,11,2,2021,1,False
1139,2021-02-12,12,2,2021,1,False
1140,2021-02-13,13,2,2021,1,True
1141,2021-02-14,14,2,2021,1,True
1142,2021-02-15,15,2,2021,1,False
1143,2021-02-16,16,2,2021,1,False
1144,2021-02-17,17,2,2021,1,False
1145,2021-02-18,18,2,2021,1,False
1146,2021-02-19,19,2,2021,1,False
1147,2021-02-20,20,2,2021,1,True
1148,2021-02-21,21,2,2021,1,True
1149,2021-02-22,22,2,2021,1,False
1150,2021-02-23,23,2,2021,1,False
1151,2021-02-24,24,2,2021,1,False
1152,2021-02-25,25,2,2021,1,False
1153,2021-02-26,26,2,2021,1,False
1154,2021-02-27,27,2,2021,1,True
1155,2021-02-28,28,2,2021,1,True
1156,2021-03-01,1,3,2021,1,False
1157,2021-03-02,2,3,2021,1,False
1158,2021-03-03,3,3,2021,1,False
1159,2021-03-04,4,3,2021,1,False
1160,2021-03-05,5,3,2021,1,False
1161,2021-03-06,6,3,2021,1,True
1162,2021-03-07,7,3,2021,1,True
1163,2021-03-08,8,3,2021,1,False
1164,2021-03-09,9,3,2021,1,False
1165,2021-03-10,10,3,2021,1,False
1166,2021-03-11,11,3,2021,1,False
1167,2021-03-12,12,3,2021,1,False
1168,2021-03-13,13,3,2021,1,True
1169,2021-03-14,14,3,2021,1,True
1170,2021-03-15,15,3,2021,1,False
1171,2021-03-16,16,3,2021,1,False
1172,2021-03-17,17,3,2021,1,False
1173,2021-03-18,18,3,2021,1,False
1174,2021-03-19,19,3,2021,1,False
1175,2021-03-20,20,3,2021,1,True
1176,2021-03-21,21,3,2021,1,True
1177,2021-03-22,22,3,2021,1,False
1178,2021-03-23,23,3,2021,1,False
1179,2021-03-24,24,3,2021,1,False
1180,2021-03-25,25,3,2021,1,False
1181,2021-03-26,26,3,2021,1,False
1182,2021-03-27,27,3,2021,1,True
1183,2021-03-28,28,3,2021,1,True
1184,2021-03-29,29,3,2021,1,False
1185,2021-03-30,30,3,2021,1,False
1186,2021-03-31,31,3,2021,1,False
1187,2021-04-01,1,4,2021,2,False
1188,2021-04-02,2,4,2021,2,False
1189,2021-04-03,3,4,2021,2,True
1190,2021-04-04,4,4,2021,2,True
1191,2021-04-05,5,4,2021,2,False
1192,2021-04-06,6,4,2021,2,False
1193,2021-04-07,7,4,2021,2,False
1194,2021-04-08,8,4,2021,2,False
1195,2021-04-09,9,4,2021,2,False
1196,2021-04-10,10,4,2021,2,True
1197,2021-04-11,11,4,2021,2,True
1198,2021-04-12,12,4,2021,2,False
1199,2021-04-13,13,4,2021,2,False
1200,2021-04-14,14,4,2021,2,False
1201,2021-04-15,15,4,2021,2,False
1202,2021-04-16,16,4,2021,2,False
1203,2021-04-17,17,4,2021,2,True
1204,2021-04-18,18,4,2021,2,True
1205,2021-04-19,19,4,2021,2,False
1206,2021-04-20,20,4,2021,2,False
1207,2021-04-21,21,4,2021,2,False
1208,2021-04-22,22,4,2021,2,False
1209,2021-04-23,23,4,2021,2,False
1210,2021-04-24,24,4,2021,2,True
1211,2021-04-25,25,4,2021,2,True
1212,2021-04-26,26,4,2021,2,False
1213,2021-04-27,27,4,2021,2,False
1214,2021-04-28,28,4,2021,2,False
1215,2021-04-29,29,4,2021,2,False
1216,2021-04-30,30,4,2021,2,False
1217,2021-05-01,1,5,2021,2,True
1218,2021-05-02,2,5,2021,2,True
1219,2021-05-03,3,5,2021,2,False
1220,2021-05-04,4,5,2021,2,False
1221,2021-05-05,5,5,2021,2,False
1222,2021-05-06,6,5,2021,2,False
1223,2021-05-07,7,5,2021,2,False
1224,2021-05-08,8,5,2021,2,True
1225,2021-05-09,9,5,2021,2,True
1226,2021-05-10,10,5,2021,2,False
1227,2021-05-11,11,5,2021,2,False
1228,2021-05-12,12,5,2021,2,False
1229,2021-05-13,13,5,2021,2,False
1230,2021-05-14,14,5,2021,2,False
1231,2021-05-15,15,5,2021,2,True
1232,2021-05-16,16,5,2021,2,True
1233,2021-05-17,17,5,2021,2,False
1234,2021-05-18,18,5,2021,2,False
1235,2021-05-19,19,5,2021,2,False
1236,2021-05-20,20,5,2021,2,False
1237,2021-05-21,21,5,2021,2,False
1238,2021-05-22,22,5,2021,2,True
1239,2021-05-23,23,5,2021,2,True
1240,2021-05-24,24,5,2021,2,False
1241,2021-05-25,25,5,2021,2,False
1242,2021-05-26,26,5,2021,2,False
1243,2021-05-27,27,5,2021,2,False
1244,2021-05-28,28,5,2021,2,False
1245,2021-05-29,29,5,2021,2,True
1246,2021-05-30,30,5,2021,2,True
1247,2021-05-31,31,5,2021,2,False
1248,2021-06-01,1,6,2021,2,False
1249,2021-06-02,2,6,2021,2,False
1250,2021-06-03,3,6,2021,2,False
1251,2021-06-04,4,6,2021,2,False
1252,2021-06-05,5,6,2021,2,True
1253,2021-06-06,6,6,2021,2,True
1254,2021-06-07,7,6,2021,2,False
1255,2021-06-08,8,6,2021,2,False
1256,2021-06-09,9,6,2021,2,False
1257,2021-06-10,10,6,2021,2,False
1258,2021-06-11,11,6,2021,2,False
1259,2021-06-12,12,6,2021,2,True
1260,2021-06-13,13,6,2021,2,True
1261,2021-06-14,14,6,2021,2,False
1262,2021-06-15,15,6,2021,2,False
1263,2021-06-16,16,6,2021,2,False
1264,2021-06-17,17,6,2021,2,False
1265,2021-06-18,18,6,2021,2,False
1266,2021-06-19,19,6,2021,2,True
1267,2021-06-20,20,6,2021,2,True
1268,2021-06-21,21,6,2021,2,False
1269,2021-06-22,22,6,2021,2,False
1270,2021-06-23,23,6,2021,2,False
1271,2021-06-24,24,6,2021,2,False
1272,2021-06-25,25,6,2021,2,False
1273,2021-06-26,26,6,2021,2,True
1274,2021-06-27,27,6,2021,2,True
1275,2021-06-28,28,6,2021,2,False
1276,2021-06-29,29,6,2021,2,False
1277,2021-06-30,30,6,2021,2,False
1278,2021-07-01,1,7,2021,3,False
1279,2021-07-02,2,7,2021,3,False
1280,2021-07-03,3,7,2021,3,True
1281,2021-07-04,4,7,2021,3,True
1282,2021-07-05,5,7,2021,3,False
1283,2021-07-06,6,7,2021,3,False
1284,2021-07-07,7,7,2021,3,False
1285,2021-07-08,8,7,2021,3,False
1286,2021-07-09,9,7,2021,3,False
1287,2021-07-10,10,7,2021,3,True
1288,2021-07-11,11,7,2021,3,True
1289,2021-07-12,12,7,2021,3,False
1290,2021-07-13,13,7,2021,3,False
1291,2021-07-14,14,7,2021,3,False
1292,2021-07-15,15,7,2021,3,False
1293,2021-07-16,16,7,2021,3,False
1294,2021-07-17,17,7,2021,3,True
1295,2021-07-18,18,7,2021,3,True
1296,2021-07-19,19,7,2021,3,False
1297,2021-07-20,20,7,2021,3,False
1298,2021-07-21,21,7,2021,3,False
1299,2021-07-22,22,7,2021,3,False
1300,2021-07-23,23,7,2021,3,False
1301,2021-07-24,24,7,2021,3,True
1302,2021-07-25,25,7,2021,3,True
1303,2021-07-26,26,7,2021,3,False
1304,2021-07-27,27,7,2021,3,False
1305,2021-07-28,28,7,2021,3,False
1306,2021-07-29,29,7,2021,3,False
1307,2021-07-30,30,7,2021,3,False
1308,2021-07-31,31,7,2021,3,True
1309,2021-08-01,1,8,2021,3,True
1310,2021-08-02,2,8,2021,3,False
1311,2021-08-03,3,8,2021,3,False
1312,2021-08-04,4,8,2021,3,False
1313,2021-08-05,5,8,2021,3,False
1314,2021-08-06,6,8,2021,3,False
1315,2021-08-07,7,8,2021,3,True
1316,2021-08-08,8,8,2021,3,True
1317,2021-08-09,9,8,2021,3,False
1318,2021-08-10,10,8,2021,3,False
1319,2021-08-11,11,8,2021,3,False
1320,2021-08-12,12,8,2021,3,False
1321,2021-08-13,13,8,2021,3,False
1322,2021-08-14,14,8,2021,3,True
1323,2021-08-15,15,8,2021,3,True
1324,2021-08-16,16,8,2021,3,False
1325,2021-08-17,17,8,2021,3,False
1326,2021-08-18,18,8,2021,3,False
1327,2021-08-19,19,8,2021,3,False
1328,2021-08-20,20,8,2021,3,False
1329,2021-08-21,21,8,2021,3,True
1330,2021-08-22,22,8,2021,3,True
1331,2021-08-23,23,8,2021,3,False
1332,2021-08-24,24,8,2021,3,False
1333,2021-08-25,25,8,2021,3,False
1334,2021-08-26,26,8,2021,3,False
1335,2021-08-27,27,8,2021,3,False
1336,2021-08-28,28,8,2021,3,True
1337,2021-08-29,29,8,2021,3,True
1338,2021-08-30,30,8,2021,3,False
1339,2021-08-31,31,8,2021,3,False
1340,2021-09-01,1,9,2021,3,False
1341,2021-09-02,2,9,2021,3,False
1342,2021-09-03,3,9,2021,3,False
1343,2021-09-04,4,9,2021,3,True
1344,2021-09-05,5,9,2021,3,True
1345,2021-09-06,6,9,2021,3,False
1346,2021-09-07,7,9,2021,3,False
1347,2021-09-08,8,9,2021,3,False
1348,2021-09-09,9,9,2021,3,False
1349,2021-09-10,10,9,2021,3,False
1350,2021-09-11,11,9,2021,3,True
1351,2021-09-12,12,9,2021,3,True
1352,2021-09-13,13,9,2021,3,False
1353,2021-09-14,14,9,2021,3,False
1354,2021-09-15,15,9,2021,3,False
1355,2021-09-16,16,9,2021,3,False
1356,2021-09-17,17,9,2021,3,False
1357,2021-09-18,18,9,2021,3,True
1358,2021-09-19,19,9,2021,3,True
1359,2021-09-20,20,9,2021,3,False
1360,2021-09-21,21,9,2021,3,False
1361,2021-09-22,22,9,2021,3,False
1362,2021-09-23,23,9,2021,3,False
1363,2021-09-24,24,9,2021,3,False
1364,2021-09-25,25,9,2021,3,True
1365,2021-09-26,26,9,2021,3,True
1366,2021-09-27,27,9,2021,3,False
1367,2021-09-28,28,9,2021,3,False
1368,2021-09-29,29,9,2021,3,False
1369,2021-09-30,30,9,2021,3,False
1370,2021-10-01,1,10,2021,4,False
1371,2021-10-02,2,10,2021,4,True
1372,2021-10-03,3,10,2021,4,True
1373,2021-10-04,4,10,2021,4,False
1374,2021-10-05,5,10,2021,4,False
1375,2021-10-06,6,10,2021,4,False
1376,2021-10-07,7,10,2021,4,False
1377,2021-10-08,8,10,2021,4,False
1378,2021-10-09,9,10,2021,4,True
1379,2021-10-10,10,10,2021,4,True
1380,2021-10-11,11,10,2021,4,False
1381,2021-10-12,12,10,2021,4,False
1382,2021-10-13,13,10,2021,4,False
1383,2021-10-14,14,10,2021,4,False
1384,2021-10-15,15,10,2021,4,False
1385,2021-10-16,16,10,2021,4,True
1386,2021-10-17,17,10,2021,4,True
1387,2021-10-18,18,10,2021,4,False
1388,2021-10-19,19,10,2021,4,False
1389,2021-10-20,20,10,2021,4,False
1390,2021-10-21,21,10,2021,4,False
1391,2021-10-22,22,10,2021,4,False
1392,2021-10-23,23,10,2021,4,True
1393,2021-10-24,24,10,2021,4,True
1394,2021-10-25,25,10,2021,4,False
1395,2021-10-26,26,10,2021,4,False
1396,2021-10-27,27,10,2021,4,False
1397,2021-10-28,28,10,2021,4,False
1398,2021-10-29,29,10,2021,4,False
1399,2021-10-30,30,10,2021,4,True
1400,2021-10-31,31,10,2021,4,True
1401,2021-11-01,1,11,2021,4,False
1402,2021-11-02,2,11,2021,4,False
1403,2021-11-03,3,11,2021,4,False
1404,2021-11-04,4,11,2021,4,False
1405,2021-11-05,5,11,2021,4,False
1406,2021-11-06,6,11,2021,4,True
1407,2021-11-07,7,11,2021,4,True
1408,2021-11-08,8,11,2021,4,False
1409,2021-11-09,9,11,2021,4,False
1410,2021-11-10,10,11,2021,4,False
1411,2021-11-11,11,11,2021,4,False
1412,2021-11-12,12,11,2021,4,False
1413,2021-11-13,13,11,2021,4,True
1414,2021-11-14,14,11,2021,4,True
1415,2021-11-15,15,11,2021,4,False
1416,2021-11-16,16,11,2021,4,False
1417,2021-11-17,17,11,2021,4,False
1418,2021-11-18,18,11,2021,4,False
1419,2021-11-19,19,11,2021,4,False
1420,2021-11-20,20,11,2021,4,True
1421,2021-11-21,21,11,2021,4,True
1422,2021-11-22,22,11,2021,4,False
1423,2021-11-23,23,11,2021,4,False
1424,2021-11-24,24,11,2021,4,False
1425,2021-11-25,25,11,2021,4,False
1426,2021-11-26,26,11,2021,4,False
1427,2021-11-27,27,11,2021,4,True
1428,2021-11-28,28,11,2021,4,True
1429,2021-11-29,29,11,2021,4,False
1430,2021-11-30,30,11,2021,4,False
1431,2021-12-01,1,12,2021,4,False
1432,2021-12-02,2,12,2021,4,False
1433,2021-12-03,3,12,2021,4,False
1434,2021-12-04,4,12,2021,4,True
1435,2021-12-05,5,12,2021,4,True
1436,2021-12-06,6,12,2021,4,False
1437,2021-12-07,7,12,2021,4,False
1438,2021-12-08,8,12,2021,4,False
1439,2021-12-09,9,12,2021,4,False
1440,2021-12-10,10,12,2021,4,False
1441,2021-12-11,11,12,2021,4,True
1442,2021-12-12,12,12,2021,4,True
1443,2021-12-13,13,12,2021,4,False
1444,2021-12-14,14,12,2021,4,False
1445,2021-12-15,15,12,2021,4,False
1446,2021-12-16,16,12,2021,4,False
1447,2021-12-17,17,12,2021,4,False
1448,2021-12-18,18,12,2021,4,True
1449,2021-12-19,19,12,2021,4,True
1450,2021-12-20,20,12,2021,4,False
1451,2021-12-21,21,12,2021,4,False
1452,2021-12-22,22,12,2021,4,False
1453,2021-12-23,23,12,2021,4,False
1454,2021-12-24,24,12,2021,4,False
1455,2021-12-25,25,12,2021,4,True
1456,2021-12-26,26,12,2021,4,True
1457,2021-12-27,27,12,2021,4,False
1458,2021-12-28,28,12,2021,4,False
1459,2021-12-29,29,12,2021,4,False
1460,2021-12-30,30,12,2021,4,False
1461,2021-12-31,31,12,2021,4,False
1462,2022-01-01,1,1,2022,1,True
1463,2022-01-02,2,1,2022,1,True
1464,2022-01-03,3,1,2022,1,False
1465,2022-01-04,4,1,2022,1,False
1466,2022-01-05,5,1,2022,1,False
1467,2022-01-06,6,1,2022,1,False
1468,2022-01-07,7,1,2022,1,False
1469,2022-01-08,8,1,2022,1,True
1470,2022-01-09,9,1,2022,1,True
1471,2022-01-10,10,1,2022,1,False
1472,2022-01-11,11,1,2022,1,False
1473,2022-01-12,12,1,2022,1,False
1474,2022-01-13,13,1,2022,1,False
1475,2022-01-14,14,1,2022,1,False
1476,2022-01-15,15,1,2022,1,True
1477,2022-01-16,16,1,2022,1,True
1478,2022-01-17,17,1,2022,1,False
1479,2022-01-18,18,1,2022,1,False
1480,2022-01-19,19,1,2022,1,False
1481,2022-01-20,20,1,2022,1,False
1482,2022-01-21,21,1,2022,1,False
1483,2022-01-22,22,1,2022,1,True
1484,2022-01-23,23,1,2022,1,True
1485,2022-01-24,24,1,2022,1,False
1486,2022-01-25,25,1,2022,1,False
1487,2022-01-26,26,1,2022,1,False
1488,2022-01-27,27,1,2022,1,False
1489,2022-01-28,28,1,2022,1,False
1490,2022-01-29,29,1,2022,1,True
1491,2022-01-30,30,1,2022,1,True
1492,2022-01-31,31,1,2022,1,False
1493,2022-02-01,1,2,2022,1,False
1494,2022-02-02,2,2,2022,1,False
1495,2022-02-03,3,2,2022,1,False
1496,2022-02-04,4,2,2022,1,False
1497,2022-02-05,5,2,2022,1,True
1498,2022-02-06,6,2,2022,1,True
1499,2022-02-07,7,2,2022,1,False
1500,2022-02-08,8,2,2022,1,False
1501,2022-02-09,9,2,2022,1,False
1502,2022-02-10,10,2,2022,1,False
1503,2022-02-11,11,2,2022,1,False
1504,2022-02-12,12,2,2022,1,True
1505,2022-02-13,13,2,2022,1,True
1506,2022-02-14,14,2,2022,1,False
1507,2022-02-15,15,2,2022,1,False
1508,2022-02-16,16,2,2022,1,False
1509,2022-02-17,17,2,2022,1,False
1510,2022-02-18,18,2,2022,1,False
1511,2022-02-19,19,2,2022,1,True
1512,2022-02-20,20,2,2022,1,True
1513,2022-02-21,21,2,2022,1,False
1514,2022-02-22,22,2,2022,1,False
1515,2022-02-23,23,2,2022,1,False
1516,2022-02-24,24,2,2022,1,False
1517,2022-02-25,25,2,2022,1,False
1518,2022-02-26,26,2,2022,1,True
1519,2022-02-27,27,2,2022,1,True
1520,2022-02-28,28,2,2022,1,False
1521,2022-03-01,1,3,2022,1,False
1522,2022-03-02,2,3,2022,1,False
1523,2022-03-03,3,3,2022,1,False
1524,2022-03-04,4,3,2022,1,False
1525,2022-03-05,5,3,2022,1,True
1526,2022-03-06,6,3,2022,1,True
1527,2022-03-07,7,3,2022,1,False
1528,2022-03-08,8,3,2022,1,False
1529,2022-03-09,9,3,2022,1,False
1530,2022-03-10,10,3,2022,1,False
1531,2022-03-11,11,3,2022,1,False
1532,2022-03-12,12,3,2022,1,True
1533,2022-03-13,13,3,2022,1,True
1534,2022-03-14,14,3,2022,1,False
1535,2022-03-15,15,3,2022,1,False
1536,2022-03-16,16,3,2022,1,False
1537,2022-03-17,17,3,2022,1,False
1538,2022-03-18,18,3,2022,1,False
1539,2022-03-19,19,3,2022,1,True
1540,2022-03-20,20,3,2022,1,True
1541,2022-03-21,21,3,2022,1,False
1542,2022-03-22,22,3,2022,1,False
1543,2022-03-23,23,3,2022,1,False
1544,2022-03-24,24,3,2022,1,False
1545,2022-03-25,25,3,2022,1,False
1546,2022-03-26,26,3,2022,1,True
1547,2022-03-27,27,3,2022,1,True
1548,2022-03-28,28,3,2022,1,False
1549,2022-03-29,29,3,2022,1,False
1550,2022-03-30,30,3,2022,1,False
1551,2022-03-31,31,3,2022,1,False
1552,2022-04-01,1,4,2022,2,False
1553,2022-04-02,2,4,2022,2,True
1554,2022-04-03,3,4,2022,2,True
1555,2022-04-04,4,4,2022,2,False
1556,2022-04-05,5,4,2022,2,False
1557,2022-04-06,6,4,2022,2,False
1558,2022-04-07,7,4,2022,2,False
1559,2022-04-08,8,4,2022,2,False
1560,2022-04-09,9,4,2022,2,True
1561,2022-04-10,10,4,2022,2,True
1562,2022-04-11,11,4,2022,2,False
1563,2022-04-12,12,4,2022,2,False
1564,2022-04-13,13,4,2022,2,False
1565,2022-04-14,14,4,2022,2,False
1566,2022-04-15,15,4,2022,2,False
1567,2022-04-16,16,4,2022,2,True
1568,2022-04-17,17,4,2022,2,True
1569,2022-04-18,18,4,2022,2,False
1570,2022-04-19,19,4,2022,2,False
1571,2022-04-20,20,4,2022,2,False
1572,2022-04-21,21,4,2022,2,False
1573,2022-04-22,22,4,2022,2,False
1574,2022-04-23,23,4,2022,2,True
1575,2022-04-24,24,4,2022,2,True
1576,2022-04-25,25,4,2022,2,False
1577,2022-04-26,26,4,2022,2,False
1578,2022-04-27,27,4,2022,2,False
1579,2022-04-28,28,4,2022,2,False
1580,2022-04-29,29,4,2022,2,False
1581,2022-04-30,30,4,2022,2,True
1582,2022-05-01,1,5,2022,2,True
1583,2022-05-02,2,5,2022,2,False
1584,2022-05-03,3,5,2022,2,False
1585,2022-05-04,4,5,2022,2,False
1586,2022-05-05,5,5,2022,2,False
1587,2022-05-06,6,5,2022,2,False
1588,2022-05-07,7,5,2022,2,True
1589,2022-05-08,8,5,2022,2,True
1590,2022-05-09,9,5,2022,2,False
1591,2022-05-10,10,5,2022,2,False
1592,2022-05-11,11,5,2022,2,False
1593,2022-05-12,12,5,2022,2,False
1594,2022-05-13,13,5,2022,2,False
1595,2022-05-14,14,5,2022,2,True
1596,2022-05-15,15,5,2022,2,True
1597,2022-05-16,16,5,2022,2,False
1598,2022-05-17,17,5,2022,2,False
1599,2022-05-18,18,5,2022,2,False
1600,2022-05-19,19,5,2022,2,False
1601,2022-05-20,20,5,2022,2,False
1602,2022-05-21,21,5,2022,2,True
1603,2022-05-22,22,5,2022,2,True
1604,2022-05-23,23,5,2022,2,False
1605,2022-05-24,24,5,2022,2,False
1606,2022-05-25,25,5,2022,2,False
1607,2022-05-26,26,5,2022,2,False
1608,2022-05-27,27,5,2022,2,False
1609,2022-05-28,28,5,2022,2,True
1610,2022-05-29,29,5,2022,2,True
1611,2022-05-30,30,5,2022,2,False
1612,2022-05-31,31,5,2022,2,False
1613,2022-06-01,1,6,2022,2,False
1614,2022-06-02,2,6,2022,2,False
1615,2022-06-03,3,6,2022,2,False
1616,2022-06-04,4,6,2022,2,True
1617,2022-06-05,5,6,2022,2,True
1618,2022-06-06,6,6,2022,2,False
1619,2022-06-07,7,6,2022,2,False
1620,2022-06-08,8,6,2022,2,False
1621,2022-06-09,9,6,2022,2,False
1622,2022-06-10,10,6,2022,2,False
1623,2022-06-11,11,6,2022,2,True
1624,2022-06-12,12,6,2022,2,True
1625,2022-06-13,13,6,2022,2,False
1626,2022-06-14,14,6,2022,2,False
1627,2022-06-15,15,6,2022,2,False
1628,2022-06-16,16,6,2022,2,False
1629,2022-06-17,17,6,2022,2,False
1630,2022-06-18,18,6,2022,2,True
1631,2022-06-19,19,6,2022,2,True
1632,2022-06-20,20,6,2022,2,False
1633,2022-06-21,21,6,2022,2,False
1634,2022-06-22,22,6,2022,2,False
1635,2022-06-23,23,6,2022,2,False
1636,2022-06-24,24,6,2022,2,False
1637,2022-06-25,25,6,2022,2,True
1638,2022-06-26,26,6,2022,2,True
1639,2022-06-27,27,6,2022,2,False
1640,2022-06-28,28,6,2022,2,False
1641,2022-06-29,29,6,2022,2,False
1642,2022-06-30,30,6,2022,2,False
1643,2022-07-01,1,7,2022,3,False
1644,2022-07-02,2,7,2022,3,True
1645,2022-07-03,3,7,2022,3,True
1646,2022-07-04,4,7,2022,3,False
1647,2022-07-05,5,7,2022,3,False
1648,2022-07-06,6,7,2022,3,False
1649,2022-07-07,7,7,2022,3,False
1650,2022-07-08,8,7,2022,3,False
1651,2022-07-09,9,7,2022,3,True
1652,2022-07-10,10,7,2022,3,True
1653,2022-07-11,11,7,2022,3,False
1654,2022-07-12,12,7,2022,3,False
1655,2022-07-13,13,7,2022,3,False
1656,2022-07-14,14,7,2022,3,False
1657,2022-07-15,15,7,2022,3,False
1658,2022-07-16,16,7,2022,3,True
1659,2022-07-17,17,7,2022,3,True
1660,2022-07-18,18,7,2022,3,False
1661,2022-07-19,19,7,2022,3,False
1662,2022-07-20,20,7,2022,3,False
1663,2022-07-21,21,7,2022,3,False
1664,2022-07-22,22,7,2022,3,False
1665,2022-07-23,23,7,2022,3,True
1666,2022-07-24,24,7,2022,3,True
1667,2022-07-25,25,7,2022,3,False
1668,2022-07-26,26,7,2022,3,False
1669,2022-07-27,27,7,2022,3,False
1670,2022-07-28,28,7,2022,3,False
1671,2022-07-29,29,7,2022,3,False
1672,2022-07-30,30,7,2022,3,True
1673,2022-07-31,31,7,2022,3,True
1674,2022-08-01,1,8,2022,3,False
1675,2022-08-02,2,8,2022,3,False
1676,2022-08-03,3,8,2022,3,False
1677,2022-08-04,4,8,2022,3,False
1678,2022-08-05,5,8,2022,3,False
1679,2022-08-06,6,8,2022,3,True
1680,2022-08-07,7,8,2022,3,True
1681,2022-08-08,8,8,2022,3,False
1682,2022-08-09,9,8,2022,3,False
1683,2022-08-10,10,8,2022,3,False
1684,2022-08-11,11,8,2022,3,False
1685,2022-08-12,12,8,2022,3,False
1686,2022-08-13,13,8,2022,3,True
1687,2022-08-14,14,8,2022,3,True
1688,2022-08-15,15,8,2022,3,False
1689,2022-08-16,16,8,2022,3,False
1690,2022-08-17,17,8,2022,3,False
1691,2022-08-18,18,8,2022,3,False
1692,2022-08-19,19,8,2022,3,False
1693,2022-08-20,20,8,2022,3,True
1694,2022-08-21,21,8,2022,3,True
1695,2022-08-22,22,8,2022,3,False
1696,2022-08-23,23,8,2022,3,False
1697,2022-08-24,24,8,2022,3,False
1698,2022-08-25,25,8,2022,3,False
1699,2022-08-26,26,8,2022,3,False
1700,2022-08-27,27,8,2022,3,True
1701,2022-08-28,28,8,2022,3,True
1702,2022-08-29,29,8,2022,3,False
1703,2022-08-30,30,8,2022,3,False
1704,2022-08-31,31,8,2022,3,False
1705,2022-09-01,1,9,2022,3,False
1706,2022-09-02,2,9,2022,3,False
1707,2022-09-03,3,9,2022,3,True
1708,2022-09-04,4,9,2022,3,True
1709,2022-09-05,5,9,2022,3,False
1710,2022-09-06,6,9,2022,3,False
1711,2022-09-07,7,9,2022,3,False
1712,2022-09-08,8,9,2022,3,False
1713,2022-09-09,9,9,2022,3,False
1714,2022-09-10,10,9,2022,3,True
1715,2022-09-11,11,9,2022,3,True
1716,2022-09-12,12,9,2022,3,False
1717,2022-09-13,13,9,2022,3,False
1718,2022-09-14,14,9,2022,3,False
1719,2022-09-15,15,9,2022,3,False
1720,2022-09-16,16,9,2022,3,False
1721,2022-09-17,17,9,2022,3,True
1722,2022-09-18,18,9,2022,3,True
1723,2022-09-19,19,9,2022,3,False
1724,2022-09-20,20,9,2022,3,False
1725,2022-09-21,21,9,2022,3,False
1726,2022-09-22,22,9,2022,3,False
1727,2022-09-23,23,9,2022,3,False
1728,2022-09-24,24,9,2022,3,True
1729,2022-09-25,25,9,2022,3,True
1730,2022-09-26,26,9,2022,3,False
1731,2022-09-27,27,9,2022,3,False
1732,2022-09-28,28,9,2022,3,False
1733,2022-09-29,29,9,2022,3,False
1734,2022-09-30,30,9,2022,3,False
1735,2022-10-01,1,10,2022,4,True
1736,2022-10-02,2,10,2022,4,True
1737,2022-10-03,3,10,2022,4,False
1738,2022-10-04,4,10,2022,4,False
1739,2022-10-05,5,10,2022,4,False
1740,2022-10-06,6,10,2022,4,False
1741,2022-10-07,7,10,2022,4,False
1742,2022-10-08,8,10,2022,4,True
1743,2022-10-09,9,10,2022,4,True
1744,2022-10-10,10,10,2022,4,False
1745,2022-10-11,11,10,2022,4,False
1746,2022-10-12,12,10,2022,4,False
1747,2022-10-13,13,10,2022,4,False
1748,2022-10-14,14,10,2022,4,False
1749,2022-10-15,15,10,2022,4,True
1750,2022-10-16,16,10,2022,4,True
1751,2022-10-17,17,10,2022,4,False
1752,2022-10-18,18,10,2022,4,False
1753,2022-10-19,19,10,2022,4,False
1754,2022-10-20,20,10,2022,4,False
1755,2022-10-21,21,10,2022,4,False
1756,2022-10-22,22,10,2022,4,True
1757,2022-10-23,23,10,2022,4,True
1758,2022-10-24,24,10,2022,4,False
1759,2022-10-25,25,10,2022,4,False
1760,2022-10-26,26,10,2022,4,False
1761,2022-10-27,27,10,2022,4,False
1762,2022-10-28,28,10,2022,4,False
1763,2022-10-29,29,10,2022,4,True
1764,2022-10-30,30,10,2022,4,True
1765,2022-10-31,31,10,2022,4,False
1766,2022-11-01,1,11,2022,4,False
1767,2022-11-02,2,11,2022,4,False
1768,2022-11-03,3,11,2022,4,False
1769,2022-11-04,4,11,2022,4,False
1770,2022-11-05,5,11,2022,4,True
1771,2022-11-06,6,11,2022,4,True
1772,2022-11-07,7,11,2022,4,False
1773,2022-11-08,8,11,2022,4,False
1774,2022-11-09,9,11,2022,4,False
1775,2022-11-10,10,11,2022,4,False
1776,2022-11-11,11,11,2022,4,False
1777,2022-11-12,12,11,2022,4,True
1778,2022-11-13,13,11,2022,4,True
1779,2022-11-14,14,11,2022,4,False
1780,2022-11-15,15,11,2022,4,False
1781,2022-11-16,16,11,2022,4,False
1782,2022-11-17,17,11,2022,4,False
1783,2022-11-18,18,11,2022,4,False
1784,2022-11-19,19,11,2022,4,True
1785,2022-11-20,20,11,2022,4,True
1786,2022-11-21,21,11,2022,4,False
1787,2022-11-22,22,11,2022,4,False
1788,2022-11-23,23,11,2022,4,False
1789,2022-11-24,24,11,2022,4,False
1790,2022-11-25,25,11,2022,4,False
1791,2022-11-26,26,11,2022,4,True
1792,2022-11-27,27,11,2022,4,True
1793,2022-11-28,28,11,2022,4,False
1794,2022-11-29,29,11,2022,4,False
1795,2022-11-30,30,11,2022,4,False
1796,2022-12-01,1,12,2022,4,False
1797,2022-12-02,2,12,2022,4,False
1798,2022-12-03,3,12,2022,4,True
1799,2022-12-04,4,12,2022,4,True
1800,2022-12-05,5,12,2022,4,False
1801,2022-12-06,6,12,2022,4,False
1802,2022-12-07,7,12,2022,4,False
1803,2022-12-08,8,12,2022,4,False
1804,2022-12-09,9,12,2022,4,False
1805,2022-12-10,10,12,2022,4,True
1806,2022-12-11,11,12,2022,4,True
1807,2022-12-12,12,12,2022,4,False
1808,2022-12-13,13,12,2022,4,False
1809,2022-12-14,14,12,2022,4,False
1810,2022-12-15,15,12,2022,4,False
1811,2022-12-16,16,12,2022,4,False
1812,2022-12-17,17,12,2022,4,True
1813,2022-12-18,18,12,2022,4,True
1814,2022-12-19,19,12,2022,4,False
1815,2022-12-20,20,12,2022,4,False
1816,2022-12-21,21,12,2022,4,False
1817,2022-12-22,22,12,2022,4,False
1818,2022-12-23,23,12,2022,4,False
1819,2022-12-24,24,12,2022,4,True
1820,2022-12-25,25,12,2022,4,True
1821,2022-12-26,26,12,2022,4,False
1822,2022-12-27,27,12,2022,4,False
1823,2022-12-28,28,12,2022,4,False
1824,2022-12-29,29,12,2022,4,False
1825,2022-12-30,30,12,2022,4,False
1826,2022-12-31,31,12,2022,4,True
1827,2023-01-01,1,1,2023,1,True
1828,2023-01-02,2,1,2023,1,False
1829,2023-01-03,3,1,2023,1,False
1830,2023-01-04,4,1,2023,1,False
1831,2023-01-05,5,1,2023,1,False
1832,2023-01-06,6,1,2023,1,False
1833,2023-01-07,7,1,2023,1,True
1834,2023-01-08,8,1,2023,1,True
1835,2023-01-09,9,1,2023,1,False
1836,2023-01-10,10,1,2023,1,False
1837,2023-01-11,11,1,2023,1,False
1838,2023-01-12,12,1,2023,1,False
1839,2023-01-13,13,1,2023,1,False
1840,2023-01-14,14,1,2023,1,True
1841,2023-01-15,15,1,2023,1,True
1842,2023-01-16,16,1,2023,1,False
1843,2023-01-17,17,1,2023,1,False
1844,2023-01-18,18,1,2023,1,False
1845,2023-01-19,19,1,2023,1,False
1846,2023-01-20,20,1,2023,1,False
1847,2023-01-21,21,1,2023,1,True
1848,2023-01-22,22,1,2023,1,True
1849,2023-01-23,23,1,2023,1,False
1850,2023-01-24,24,1,2023,1,False
1851,2023-01-25,25,1,2023,1,False
1852,2023-01-26,26,1,2023,1,False
1853,2023-01-27,27,1,2023,1,False
1854,2023-01-28,28,1,2023,1,True
1855,2023-01-29,29,1,2023,1,True
1856,2023-01-30,30,1,2023,1,False
1857,2023-01-31,31,1,2023,1,False
1858,2023-02-01,1,2,2023,1,False
1859,2023-02-02,2,2,2023,1,False
1860,2023-02-03,3,2,2023,1,False
1861,2023-02-04,4,2,2023,1,True
1862,2023-02-05,5,2,2023,1,True
1863,2023-02-06,6,2,2023,1,False
1864,2023-02-07,7,2,2023,1,False
1865,2023-02-08,8,2,2023,1,False
1866,2023-02-09,9,2,2023,1,False
1867,2023-02-10,10,2,2023,1,False
1868,2023-02-11,11,2,2023,1,True
1869,2023-02-12,12,2,2023,1,True
1870,2023-02-13,13,2,2023,1,False
1871,2023-02-14,14,2,2023,1,False
1872,2023-02-15,15,2,2023,1,False
1873,2023-02-16,16,2,2023,1,False
1874,2023-02-17,17,2,2023,1,False
1875,2023-02-18,18,2,2023,1,True
1876,2023-02-19,19,2,2023,1,True
1877,2023-02-20,20,2,2023,1,False
1878,2023-02-21,21,2,2023,1,False
1879,2023-02-22,22,2,2023,1,False
1880,2023-02-23,23,2,2023,1,False
1881,2023-02-24,24,2,2023,1,False
1882,2023-02-25,25,2,2023,1,True
1883,2023-02-26,26,2,2023,1,True
1884,2023-02-27,27,2,2023,1,False
1885,2023-02-28,28,2,2023,1,False
1886,2023-03-01,1,3,2023,1,False
1887,2023-03-02,2,3,2023,1,False
1888,2023-03-03,3,3,2023,1,False
1889,2023-03-04,4,3,2023,1,True
1890,2023-03-05,5,3,2023,1,True
1891,2023-03-06,6,3,2023,1,False
1892,2023-03-07,7,3,2023,1,False
1893,2023-03-08,8,3,2023,1,False
1894,2023-03-09,9,3,2023,1,False
1895,2023-03-10,10,3,2023,1,False
1896,2023-03-11,11,3,2023,1,True
1897,2023-03-12,12,3,2023,1,True
1898,2023-03-13,13,3,2023,1,False
1899,2023-03-14,14,3,2023,1,False
1900,2023-03-15,15,3,2023,1,False
1901,2023-03-16,16,3,2023,1,False
1902,2023-03-17,17,3,2023,1,False
1903,2023-03-18,18,3,2023,1,True
1904,2023-03-19,19,3,2023,1,True
1905,2023-03-20,20,3,2023,1,False
1906,2023-03-21,21,3,2023,1,False
1907,2023-03-22,22,3,2023,1,False
1908,2023-03-23,23,3,2023,1,False
1909,2023-03-24,24,3,2023,1,False
1910,2023-03-25,25,3,2023,1,True
1911,2023-03-26,26,3,2023,1,True
1912,2023-03-27,27,3,2023,1,False
1913,2023-03-28,28,3,2023,1,False
1914,2023-03-29,29,3,2023,1,False
1915,2023-03-30,30,3,2023,1,False
1916,2023-03-31,31,3,2023,1,False
1917,2023-04-01,1,4,2023,2,True
1918,2023-04-02,2,4,2023,2,True
1919,2023-04-03,3,4,2023,2,False
1920,2023-04-04,4,4,2023,2,False
1921,2023-04-05,5,4,2023,2,False
1922,2023-04-06,6,4,2023,2,False
1923,2023-04-07,7,4,2023,2,False
1924,2023-04-08,8,4,2023,2,True
1925,2023-04-09,9,4,2023,2,True
1926,2023-04-10,10,4,2023,2,False
1927,2023-04-11,11,4,2023,2,False
1928,2023-04-12,12,4,2023,2,False
1929,2023-04-13,13,4,2023,2,False
1930,2023-04-14,14,4,2023,2,False
1931,2023-04-15,15,4,2023,2,True
1932,2023-04-16,16,4,2023,2,True
1933,2023-04-17,17,4,2023,2,False
1934,2023-04-18,18,4,2023,2,False
1935,2023-04-19,19,4,2023,2,False
1936,2023-04-20,20,4,2023,2,False
1937,2023-04-21,21,4,2023,2,False
1938,2023-04-22,22,4,2023,2,True
1939,2023-04-23,23,4,2023,2,True
1940,2023-04-24,24,4,2023,2,False
1941,2023-04-25,25,4,2023,2,False
1942,2023-04-26,26,4,2023,2,False
1943,2023-04-27,27,4,2023,2,False
1944,2023-04-28,28,4,2023,2,False
1945,2023-04-29,29,4,2023,2,True
1946,2023-04-30,30,4,2023,2,True
1947,2023-05-01,1,5,2023,2,False
1948,2023-05-02,2,5,2023,2,False
1949,2023-05-03,3,5,2023,2,False
1950,2023-05-04,4,5,2023,2,False
1951,2023-05-05,5,5,2023,2,False
1952,2023-05-06,6,5,2023,2,True
1953,2023-05-07,7,5,2023,2,True
1954,2023-05-08,8,5,2023,2,False
1955,2023-05-09,9,5,2023,2,False
1956,2023-05-10,10,5,2023,2,False
1957,2023-05-11,11,5,2023,2,False
1958,2023-05-12,12,5,2023,2,False
1959,2023-05-13,13,5,2023,2,True
1960,2023-05-14,14,5,2023,2,True
1961,2023-05-15,15,5,2023,2,False
1962,2023-05-16,16,5,2023,2,False
1963,2023-05-17,17,5,2023,2,False
1964,2023-05-18,18,5,2023,2,False
1965,2023-05-19,19,5,2023,2,False
1966,2023-05-20,20,5,2023,2,True
1967,2023-05-21,21,5,2023,2,True
1968,2023-05-22,22,5,2023,2,False
1969,2023-05-23,23,5,2023,2,False
1970,2023-05-24,24,5,2023,2,False
1971,2023-05-25,25,5,2023,2,False
1972,2023-05-26,26,5,2023,2,False
1973,2023-05-27,27,5,2023,2,True
1974,2023-05-28,28,5,2023,2,True
1975,2023-05-29,29,5,2023,2,False
1976,2023-05-30,30,5,2023,2,False
1977,2023-05-31,31,5,2023,2,False
1978,2023-06-01,1,6,2023,2,False
1979,2023-06-02,2,6,2023,2,False
1980,2023-06-03,3,6,2023,2,True
1981,2023-06-04,4,6,2023,2,True
1982,2023-06-05,5,6,2023,2,False
1983,2023-06-06,6,6,2023,2,False
1984,2023-06-07,7,6,2023,2,False
1985,2023-06-08,8,6,2023,2,False
1986,2023-06-09,9,6,2023,2,False
1987,2023-06-10,10,6,2023,2,True
1988,2023-06-11,11,6,2023,2,True
1989,2023-06-12,12,6,2023,2,False
1990,2023-06-13,13,6,2023,2,False
1991,2023-06-14,14,6,2023,2,False
1992,2023-06-15,15,6,2023,2,False
1993,2023-06-16,16,6,2023,2,False
1994,2023-06-17,17,6,2023,2,True
1995,2023-06-18,18,6,2023,2,True
1996,2023-06-19,19,6,2023,2,False
1997,2023-06-20,20,6,2023,2,False
1998,2023-06-21,21,6,2023,2,False
1999,2023-06-22,22,6,2023,2,False
2000,2023-06-23,23,6,2023,2,False
2001,2023-06-24,24,6,2023,2,True
2002,2023-06-25,25,6,2023,2,True
2003,2023-06-26,26,6,2023,2,False
2004,2023-06-27,27,6,2023,2,False
2005,2023-06-28,28,6,2023,2,False
2006,2023-06-29,29,6,2023,2,False
2007,2023-06-30,30,6,2023,2,False
2008,2023-07-01,1,7,2023,3,True
2009,2023-07-02,2,7,2023,3,True
2010,2023-07-03,3,7,2023,3,False
2011,2023-07-04,4,7,2023,3,False
2012,2023-07-05,5,7,2023,3,False
2013,2023-07-06,6,7,2023,3,False
2014,2023-07-07,7,7,2023,3,False
2015,2023-07-08,8,7,2023,3,True
2016,2023-07-09,9,7,2023,3,True
2017,2023-07-10,10,7,2023,3,False
2018,2023-07-11,11,7,2023,3,False
2019,2023-07-12,12,7,2023,3,False
2020,2023-07-13,13,7,2023,3,False
2021,2023-07-14,14,7,2023,3,False
2022,2023-07-15,15,7,2023,3,True
2023,2023-07-16,16,7,2023,3,True
2024,2023-07-17,17,7,2023,3,False
2025,2023-07-18,18,7,2023,3,False
2026,2023-07-19,19,7,2023,3,False
2027,2023-07-20,20,7,2023,3,False
2028,2023-07-21,21,7,2023,3,False
2029,2023-07-22,22,7,2023,3,True
2030,2023-07-23,23,7,2023,3,True
2031,2023-07-24,24,7,2023,3,False
2032,2023-07-25,25,7,2023,3,False
2033,2023-07-26,26,7,2023,3,False
2034,2023-07-27,27,7,2023,3,False
2035,2023-07-28,28,7,2023,3,False
2036,2023-07-29,29,7,2023,3,True
2037,2023-07-30,30,7,2023,3,True
2038,2023-07-31,31,7,2023,3,False
2039,2023-08-01,1,8,2023,3,False
2040,2023-08-02,2,8,2023,3,False
2041,2023-08-03,3,8,2023,3,False
2042,2023-08-04,4,8,2023,3,False
2043,2023-08-05,5,8,2023,3,True
2044,2023-08-06,6,8,2023,3,True
2045,2023-08-07,7,8,2023,3,False
2046,2023-08-08,8,8,2023,3,False
2047,2023-08-09,9,8,2023,3,False
2048,2023-08-10,10,8,2023,3,False
2049,2023-08-11,11,8,2023,3,False
2050,2023-08-12,12,8,2023,3,True
2051,2023-08-13,13,8,2023,3,True
2052,2023-08-14,14,8,2023,3,False
2053,2023-08-15,15,8,2023,3,False
2054,2023-08-16,16,8,2023,3,False
2055,2023-08-17,17,8,2023,3,False
2056,2023-08-18,18,8,2023,3,False
2057,2023-08-19,19,8,2023,3,True
2058,2023-08-20,20,8,2023,3,True
2059,2023-08-21,21,8,2023,3,False
2060,2023-08-22,22,8,2023,3,False
2061,2023-08-23,23,8,2023,3,False
2062,2023-08-24,24,8,2023,3,False
2063,2023-08-25,25,8,2023,3,False
2064,2023-08-26,26,8,2023,3,True
2065,2023-08-27,27,8,2023,3,True
2066,2023-08-28,28,8,2023,3,False
2067,2023-08-29,29,8,2023,3,False
2068,2023-08-30,30,8,2023,3,False
2069,2023-08-31,31,8,2023,3,False
2070,2023-09-01,1,9,2023,3,False
2071,2023-09-02,2,9,2023,3,True
2072,2023-09-03,3,9,2023,3,True
2073,2023-09-04,4,9,2023,3,False
2074,2023-09-05,5,9,2023,3,False
2075,2023-09-06,6,9,2023,3,False
2076,2023-09-07,7,9,2023,3,False
2077,2023-09-08,8,9,2023,3,False
2078,2023-09-09,9,9,2023,3,True
2079,2023-09-10,10,9,2023,3,True
2080,2023-09-11,11,9,2023,3,False
2081,2023-09-12,12,9,2023,3,False
2082,2023-09-13,13,9,2023,3,False
2083,2023-09-14,14,9,2023,3,False
2084,2023-09-15,15,9,2023,3,False
2085,2023-09-16,16,9,2023,3,True
2086,2023-09-17,17,9,2023,3,True
2087,2023-09-18,18,9,2023,3,False
2088,2023-09-19,19,9,2023,3,False
2089,2023-09-20,20,9,2023,3,False
2090,2023-09-21,21,9,2023,3,False
2091,2023-09-22,22,9,2023,3,False
2092,2023-09-23,23,9,2023,3,True
2093,2023-09-24,24,9,2023,3,True
2094,2023-09-25,25,9,2023,3,False
2095,2023-09-26,26,9,2023,3,False
2096,2023-09-27,27,9,2023,3,False
2097,2023-09-28,28,9,2023,3,False
2098,2023-09-29,29,9,2023,3,False
2099,2023-09-30,30,9,2023,3,True
2100,2023-10-01,1,10,2023,4,True
2101,2023-10-02,2,10,2023,4,False
2102,2023-10-03,3,10,2023,4,False
2103,2023-10-04,4,10,2023,4,False
2104,2023-10-05,5,10,2023,4,False
2105,2023-10-06,6,10,2023,4,False
2106,2023-10-07,7,10,2023,4,True
2107,2023-10-08,8,10,2023,4,True
2108,2023-10-09,9,10,2023,4,False
2109,2023-10-10,10,10,2023,4,False
2110,2023-10-11,11,10,2023,4,False
2111,2023-10-12,12,10,2023,4,False
2112,2023-10-13,13,10,2023,4,False
2113,2023-10-14,14,10,2023,4,True
2114,2023-10-15,15,10,2023,4,True
2115,2023-10-16,16,10,2023,4,False
2116,2023-10-17,17,10,2023,4,False
2117,2023-10-18,18,10,2023,4,False
2118,2023-10-19,19,10,2023,4,False
2119,2023-10-20,20,10,2023,4,False
2120,2023-10-21,21,10,2023,4,True
2121,2023-10-22,22,10,2023,4,True
2122,2023-10-23,23,10,2023,4,False
2123,2023-10-24,24,10,2023,4,False
2124,2023-10-25,25,10,2023,4,False
2125,2023-10-26,26,10,2023,4,False
2126,2023-10-27,27,10,2023,4,False
2127,2023-10-28,28,10,2023,4,True
2128,2023-10-29,29,10,2023,4,True
2129,2023-10-30,30,10,2023,4,False
2130,2023-10-31,31,10,2023,4,False
2131,2023-11-01,1,11,2023,4,False
2132,2023-11-02,2,11,2023,4,False
2133,2023-11-03,3,11,2023,4,False
2134,2023-11-04,4,11,2023,4,True
2135,2023-11-05,5,11,2023,4,True
2136,2023-11-06,6,11,2023,4,False
2137,2023-11-07,7,11,2023,4,False
2138,2023-11-08,8,11,2023,4,False
2139,2023-11-09,9,11,2023,4,False
2140,2023-11-10,10,11,2023,4,False
2141,2023-11-11,11,11,2023,4,True
2142,2023-11-12,12,11,2023,4,True
2143,2023-11-13,13,11,2023,4,False
2144,2023-11-14,14,11,2023,4,False
2145,2023-11-15,15,11,2023,4,False
2146,2023-11-16,16,11,2023,4,False
2147,2023-11-17,17,11,2023,4,False
2148,2023-11-18,18,11,2023,4,True
2149,2023-11-19,19,11,2023,4,True
2150,2023-11-20,20,11,2023,4,False
2151,2023-11-21,21,11,2023,4,False
2152,2023-11-22,22,11,2023,4,False
2153,2023-11-23,23,11,2023,4,False
2154,2023-11-24,24,11,2023,4,False
2155,2023-11-25,25,11,2023,4,True
2156,2023-11-26,26,11,2023,4,True
2157,2023-11-27,27,11,2023,4,False
2158,2023-11-28,28,11,2023,4,False
2159,2023-11-29,29,11,2023,4,False
2160,2023-11-30,30,11,2023,4,False
2161,2023-12-01,1,12,2023,4,False
2162,2023-12-02,2,12,2023,4,True
2163,2023-12-03,3,12,2023,4,True
2164,2023-12-04,4,12,2023,4,False
2165,2023-12-05,5,12,2023,4,False
2166,2023-12-06,6,12,2023,4,False
2167,2023-12-07,7,12,2023,4,False
2168,2023-12-08,8,12,2023,4,False
2169,2023-12-09,9,12,2023,4,True
2170,2023-12-10,10,12,2023,4,True
2171,2023-12-11,11,12,2023,4,False
2172,2023-12-12,12,12,2023,4,False
2173,2023-12-13,13,12,2023,4,False
2174,2023-12-14,14,12,2023,4,False
2175,2023-12-15,15,12,2023,4,False
2176,2023-12-16,16,12,2023,4,True
2177,2023-12-17,17,12,2023,4,True
2178,2023-12-18,18,12,2023,4,False
2179,2023-12-19,19,12,2023,4,False
2180,2023-12-20,20,12,2023,4,False
2181,2023-12-21,21,12,2023,4,False
2182,2023-12-22,22,12,2023,4,False
2183,2023-12-23,23,12,2023,4,True
2184,2023-12-24,24,12,2023,4,True
2185,2023-12-25,25,12,2023,4,False
2186,2023-12-26,26,12,2023,4,False
2187,2023-12-27,27,12,2023,4,False
2188,2023-12-28,28,12,2023,4,False
2189,2023-12-29,29,12,2023,4,False
2190,2023-12-30,30,12,2023,4,True
2191,2023-12-31,31,12,2023,4,True
2192,2024-01-01,1,1,2024,1,False
2193,2024-01-02,2,1,2024,1,False
2194,2024-01-03,3,1,2024,1,False
2195,2024-01-04,4,1,2024,1,False
2196,2024-01-05,5,1,2024,1,False
2197,2024-01-06,6,1,2024,1,True
2198,2024-01-07,7,1,2024,1,True
2199,2024-01-08,8,1,2024,1,False
2200,2024-01-09,9,1,2024,1,False
2201,2024-01-10,10,1,2024,1,False
2202,2024-01-11,11,1,2024,1,False
2203,2024-01-12,12,1,2024,1,False
2204,2024-01-13,13,1,2024,1,True
2205,2024-01-14,14,1,2024,1,True
2206,2024-01-15,15,1,2024,1,False
2207,2024-01-16,16,1,2024,1,False
2208,2024-01-17,17,1,2024,1,False
2209,2024-01-18,18,1,2024,1,False
2210,2024-01-19,19,1,2024,1,False
2211,2024-01-20,20,1,2024,1,True
2212,2024-01-21,21,1,2024,1,True
2213,2024-01-22,22,1,2024,1,False
2214,2024-01-23,23,1,2024,1,False
2215,2024-01-24,24,1,2024,1,False
2216,2024-01-25,25,1,2024,1,False
2217,2024-01-26,26,1,2024,1,False
2218,2024-01-27,27,1,2024,1,True
2219,2024-01-28,28,1,2024,1,True
2220,2024-01-29,29,1,2024,1,False
2221,2024-01-30,30,1,2024,1,False
2222,2024-01-31,31,1,2024,1,False
2223,2024-02-01,1,2,2024,1,False
2224,2024-02-02,2,2,2024,1,False
2225,2024-02-03,3,2,2024,1,True
2226,2024-02-04,4,2,2024,1,True
2227,2024-02-05,5,2,2024,1,False
2228,2024-02-06,6,2,2024,1,False
2229,2024-02-07,7,2,2024,1,False
2230,2024-02-08,8,2,2024,1,False
2231,2024-02-09,9,2,2024,1,False
2232,2024-02-10,10,2,2024,1,True
2233,2024-02-11,11,2,2024,1,True
2234,2024-02-12,12,2,2024,1,False
2235,2024-02-13,13,2,2024,1,False
2236,2024-02-14,14,2,2024,1,False
2237,2024-02-15,15,2,2024,1,False
2238,2024-02-16,16,2,2024,1,False
2239,2024-02-17,17,2,2024,1,True
2240,2024-02-18,18,2,2024,1,True
2241,2024-02-19,19,2,2024,1,False
2242,2024-02-20,20,2,2024,1,False
2243,2024-02-21,21,2,2024,1,False
2244,2024-02-22,22,2,2024,1,False
2245,2024-02-23,23,2,2024,1,False
2246,2024-02-24,24,2,2024,1,True
2247,2024-02-25,25,2,2024,1,True
2248,2024-02-26,26,2,2024,1,False
2249,2024-02-27,27,2,2024,1,False
2250,2024-02-28,28,2,2024,1,False
2251,2024-02-29,29,2,2024,1,False
2252,2024-03-01,1,3,2024,1,False
2253,2024-03-02,2,3,2024,1,True
2254,2024-03-03,3,3,2024,1,True
2255,2024-03-04,4,3,2024,1,False
2256,2024-03-05,5,3,2024,1,False
2257,2024-03-06,6,3,2024,1,False
2258,2024-03-07,7,3,2024,1,False
2259,2024-03-08,8,3,2024,1,False
2260,2024-03-09,9,3,2024,1,True
2261,2024-03-10,10,3,2024,1,True
2262,2024-03-11,11,3,2024,1,False
2263,2024-03-12,12,3,2024,1,False
2264,2024-03-13,13,3,2024,1,False
2265,2024-03-14,14,3,2024,1,False
2266,2024-03-15,15,3,2024,1,False
2267,2024-03-16,16,3,2024,1,True
2268,2024-03-17,17,3,2024,1,True
2269,2024-03-18,18,3,2024,1,False
2270,2024-03-19,19,3,2024,1,False
2271,2024-03-20,20,3,2024,1,False
2272,2024-03-21,21,3,2024,1,False
2273,2024-03-22,22,3,2024,1,False
2274,2024-03-23,23,3,2024,1,True
2275,2024-03-24,24,3,2024,1,True
2276,2024-03-25,25,3,2024,1,False
2277,2024-03-26,26,3,2024,1,False
2278,2024-03-27,27,3,2024,1,False
2279,2024-03-28,28,3,2024,1,False
2280,2024-03-29,29,3,2024,1,False
2281,2024-03-30,30,3,2024,1,True
2282,2024-03-31,31,3,2024,1,True
2283,2024-04-01,1,4,2024,2,False
2284,2024-04-02,2,4,2024,2,False
2285,2024-04-03,3,4,2024,2,False
2286,2024-04-04,4,4,2024,2,False
2287,2024-04-05,5,4,2024,2,False
2288,2024-04-06,6,4,2024,2,True
2289,2024-04-07,7,4,2024,2,True
2290,2024-04-08,8,4,2024,2,False
2291,2024-04-09,9,4,2024,2,False
2292,2024-04-10,10,4,2024,2,False
2293,2024-04-11,11,4,2024,2,False
2294,2024-04-12,12,4,2024,2,False
2295,2024-04-13,13,4,2024,2,True
2296,2024-04-14,14,4,2024,2,True
2297,2024-04-15,15,4,2024,2,False
2298,2024-04-16,16,4,2024,2,False
2299,2024-04-17,17,4,2024,2,False
2300,2024-04-18,18,4,2024,2,False
2301,2024-04-19,19,4,2024,2,False
2302,2024-04-20,20,4,2024,2,True
2303,2024-04-21,21,4,2024,2,True
2304,2024-04-22,22,4,2024,2,False
2305,2024-04-23,23,4,2024,2,False
2306,2024-04-24,24,4,2024,2,False
2307,2024-04-25,25,4,2024,2,False
2308,2024-04-26,26,4,2024,2,False
2309,2024-04-27,27,4,2024,2,True
2310,2024-04-28,28,4,2024,2,True
2311,2024-04-29,29,4,2024,2,False
2312,2024-04-30,30,4,2024,2,False
2313,2024-05-01,1,5,2024,2,False
2314,2024-05-02,2,5,2024,2,False
2315,2024-05-03,3,5,2024,2,False
2316,2024-05-04,4,5,2024,2,True
2317,2024-05-05,5,5,2024,2,True
2318,2024-05-06,6,5,2024,2,False
2319,2024-05-07,7,5,2024,2,False
2320,2024-05-08,8,5,2024,2,False
2321,2024-05-09,9,5,2024,2,False
2322,2024-05-10,10,5,2024,2,False
2323,2024-05-11,11,5,2024,2,True
2324,2024-05-12,12,5,2024,2,True
2325,2024-05-13,13,5,2024,2,False
2326,2024-05-14,14,5,2024,2,False
2327,2024-05-15,15,5,2024,2,False
2328,2024-05-16,16,5,2024,2,False
2329,2024-05-17,17,5,2024,2,False
2330,2024-05-18,18,5,2024,2,True
2331,2024-05-19,19,5,2024,2,True
2332,2024-05-20,20,5,2024,2,False
2333,2024-05-21,21,5,2024,2,False
2334,2024-05-22,22,5,2024,2,False
2335,2024-05-23,23,5,2024,2,False
2336,2024-05-24,24,5,2024,2,False
2337,2024-05-25,25,5,2024,2,True
2338,2024-05-26,26,5,2024,2,True
2339,2024-05-27,27,5,2024,2,False
2340,2024-05-28,28,5,2024,2,False
2341,2024-05-29,29,5,2024,2,False
2342,2024-05-30,30,5,2024,2,False
2343,2024-05-31,31,5,2024,2,False
2344,2024-06-01,1,6,2024,2,True
2345,2024-06-02,2,6,2024,2,True
2346,2024-06-03,3,6,2024,2,False
2347,2024-06-04,4,6,2024,2,False
2348,2024-06-05,5,6,2024,2,False
2349,2024-06-06,6,6,2024,2,False
2350,2024-06-07,7,6,2024,2,False
2351,2024-06-08,8,6,2024,2,True
2352,2024-06-09,9,6,2024,2,True
2353,2024-06-10,10,6,2024,2,False
2354,2024-06-11,11,6,2024,2,False
2355,2024-06-12,12,6,2024,2,False
2356,2024-06-13,13,6,2024,2,False
2357,2024-06-14,14,6,2024,2,False
2358,2024-06-15,15,6,2024,2,True
2359,2024-06-16,16,6,2024,2,True
2360,2024-06-17,17,6,2024,2,False
2361,2024-06-18,18,6,2024,2,False
2362,2024-06-19,19,6,2024,2,False
2363,2024-06-20,20,6,2024,2,False
2364,2024-06-21,21,6,2024,2,False
2365,2024-06-22,22,6,2024,2,True
2366,2024-06-23,23,6,2024,2,True
2367,2024-06-24,24,6,2024,2,False
2368,2024-06-25,25,6,2024,2,False
2369,2024-06-26,26,6,2024,2,False
2370,2024-06-27,27,6,2024,2,False
2371,2024-06-28,28,6,2024,2,False
2372,2024-06-29,29,6,2024,2,True
2373,2024-06-30,30,6,2024,2,True
2374,2024-07-01,1,7,2024,3,False
2375,2024-07-02,2,7,2024,3,False
2376,2024-07-03,3,7,2024,3,False
2377,2024-07-04,4,7,2024,3,False
2378,2024-07-05,5,7,2024,3,False
2379,2024-07-06,6,7,2024,3,True
2380,2024-07-07,7,7,2024,3,True
2381,2024-07-08,8,7,2024,3,False
2382,2024-07-09,9,7,2024,3,False
2383,2024-07-10,10,7,2024,3,False
2384,2024-07-11,11,7,2024,3,False
2385,2024-07-12,12,7,2024,3,False
2386,2024-07-13,13,7,2024,3,True
2387,2024-07-14,14,7,2024,3,True
2388,2024-07-15,15,7,2024,3,False
2389,2024-07-16,16,7,2024,3,False
2390,2024-07-17,17,7,2024,3,False
2391,2024-07-18,18,7,2024,3,False
2392,2024-07-19,19,7,2024,3,False
2393,2024-07-20,20,7,2024,3,True
2394,2024-07-21,21,7,2024,3,True
2395,2024-07-22,22,7,2024,3,False
2396,2024-07-23,23,7,2024,3,False
2397,2024-07-24,24,7,2024,3,False
2398,2024-07-25,25,7,2024,3,False
2399,2024-07-26,26,7,2024,3,False
2400,2024-07-27,27,7,2024,3,True
2401,2024-07-28,28,7,2024,3,True
2402,2024-07-29,29,7,2024,3,False
2403,2024-07-30,30,7,2024,3,False
2404,2024-07-31,31,7,2024,3,False
2405,2024-08-01,1,8,2024,3,False
2406,2024-08-02,2,8,2024,3,False
2407,2024-08-03,3,8,2024,3,True
2408,2024-08-04,4,8,2024,3,True
2409,2024-08-05,5,8,2024,3,False
2410,2024-08-06,6,8,2024,3,False
2411,2024-08-07,7,8,2024,3,False
2412,2024-08-08,8,8,2024,3,False
2413,2024-08-09,9,8,2024,3,False
2414,2024-08-10,10,8,2024,3,True
2415,2024-08-11,11,8,2024,3,True
2416,2024-08-12,12,8,2024,3,False
2417,2024-08-13,13,8,2024,3,False
2418,2024-08-14,14,8,2024,3,False
2419,2024-08-15,15,8,2024,3,False
2420,2024-08-16,16,8,2024,3,False
2421,2024-08-17,17,8,2024,3,True
2422,2024-08-18,18,8,2024,3,True
2423,2024-08-19,19,8,2024,3,False
2424,2024-08-20,20,8,2024,3,False
2425,2024-08-21,21,8,2024,3,False
2426,2024-08-22,22,8,2024,3,False
2427,2024-08-23,23,8,2024,3,False
2428,2024-08-24,24,8,2024,3,True
2429,2024-08-25,25,8,2024,3,True
2430,2024-08-26,26,8,2024,3,False
2431,2024-08-27,27,8,2024,3,False
2432,2024-08-28,28,8,2024,3,False
2433,2024-08-29,29,8,2024,3,False
2434,2024-08-30,30,8,2024,3,False
2435,2024-08-31,31,8,2024,3,True
2436,2024-09-01,1,9,2024,3,True
2437,2024-09-02,2,9,2024,3,False
2438,2024-09-03,3,9,2024,3,False
2439,2024-09-04,4,9,2024,3,False
2440,2024-09-05,5,9,2024,3,False
2441,2024-09-06,6,9,2024,3,False
2442,2024-09-07,7,9,2024,3,True
2443,2024-09-08,8,9,2024,3,True
2444,2024-09-09,9,9,2024,3,False
2445,2024-09-10,10,9,2024,3,False
2446,2024-09-11,11,9,2024,3,False
2447,2024-09-12,12,9,2024,3,False
2448,2024-09-13,13,9,2024,3,False
2449,2024-09-14,14,9,2024,3,True
2450,2024-09-15,15,9,2024,3,True
2451,2024-09-16,16,9,2024,3,False
2452,2024-09-17,17,9,2024,3,False
2453,2024-09-18,18,9,2024,3,False
2454,2024-09-19,19,9,2024,3,False
2455,2024-09-20,20,9,2024,3,False
2456,2024-09-21,21,9,2024,3,True
2457,2024-09-22,22,9,2024,3,True
2458,2024-09-23,23,9,2024,3,False
2459,2024-09-24,24,9,2024,3,False
2460,2024-09-25,25,9,2024,3,False
2461,2024-09-26,26,9,2024,3,False
2462,2024-09-27,27,9,2024,3,False
2463,2024-09-28,28,9,2024,3,True
2464,2024-09-29,29,9,2024,3,True
2465,2024-09-30,30,9,2024,3,False
2466,2024-10-01,1,10,2024,4,False
2467,2024-10-02,2,10,2024,4,False
2468,2024-10-03,3,10,2024,4,False
2469,2024-10-04,4,10,2024,4,False
2470,2024-10-05,5,10,2024,4,True
2471,2024-10-06,6,10,2024,4,True
2472,2024-10-07,7,10,2024,4,False
2473,2024-10-08,8,10,2024,4,False
2474,2024-10-09,9,10,2024,4,False
2475,2024-10-10,10,10,2024,4,False
2476,2024-10-11,11,10,2024,4,False
2477,2024-10-12,12,10,2024,4,True
2478,2024-10-13,13,10,2024,4,True
2479,2024-10-14,14,10,2024,4,False
2480,2024-10-15,15,10,2024,4,False
2481,2024-10-16,16,10,2024,4,False
2482,2024-10-17,17,10,2024,4,False
2483,2024-10-18,18,10,2024,4,False
2484,2024-10-19,19,10,2024,4,True
2485,2024-10-20,20,10,2024,4,True
2486,2024-10-21,21,10,2024,4,False
2487,2024-10-22,22,10,2024,4,False
2488,2024-10-23,23,10,2024,4,False
2489,2024-10-24,24,10,2024,4,False
2490,2024-10-25,25,10,2024,4,False
2491,2024-10-26,26,10,2024,4,True
2492,2024-10-27,27,10,2024,4,True
2493,2024-10-28,28,10,2024,4,False
2494,2024-10-29,29,10,2024,4,False
2495,2024-10-30,30,10,2024,4,False
2496,2024-10-31,31,10,2024,4,False
2497,2024-11-01,1,11,2024,4,False
2498,2024-11-02,2,11,2024,4,True
2499,2024-11-03,3,11,2024,4,True
2500,2024-11-04,4,11,2024,4,False
2501,2024-11-05,5,11,2024,4,False
2502,2024-11-06,6,11,2024,4,False
2503,2024-11-07,7,11,2024,4,False
2504,2024-11-08,8,11,2024,4,False
2505,2024-11-09,9,11,2024,4,True
2506,2024-11-10,10,11,2024,4,True
2507,2024-11-11,11,11,2024,4,False
2508,2024-11-12,12,11,2024,4,False
2509,2024-11-13,13,11,2024,4,False
2510,2024-11-14,14,11,2024,4,False
2511,2024-11-15,15,11,2024,4,False
2512,2024-11-16,16,11,2024,4,True
2513,2024-11-17,17,11,2024,4,True
2514,2024-11-18,18,11,2024,4,False
2515,2024-11-19,19,11,2024,4,False
2516,2024-11-20,20,11,2024,4,False
2517,2024-11-21,21,11,2024,4,False
2518,2024-11-22,22,11,2024,4,False
2519,2024-11-23,23,11,2024,4,True
2520,2024-11-24,24,11,2024,4,True
2521,2024-11-25,25,11,2024,4,False
2522,2024-11-26,26,11,2024,4,False
2523,2024-11-27,27,11,2024,4,False
2524,2024-11-28,28,11,2024,4,False
2525,2024-11-29,29,11,2024,4,False
2526,2024-11-30,30,11,2024,4,True
2527,2024-12-01,1,12,2024,4,True
2528,2024-12-02,2,12,2024,4,False
2529,2024-12-03,3,12,2024,4,False
2530,2024-12-04,4,12,2024,4,False
2531,2024-12-05,5,12,2024,4,False
2532,2024-12-06,6,12,2024,4,False
2533,2024-12-07,7,12,2024,4,True
2534,2024-12-08,8,12,2024,4,True
2535,2024-12-09,9,12,2024,4,False
2536,2024-12-10,10,12,2024,4,False
2537,2024-12-11,11,12,2024,4,False
2538,2024-12-12,12,12,2024,4,False
2539,2024-12-13,13,12,2024,4,False
2540,2024-12-14,14,12,2024,4,True
2541,2024-12-15,15,12,2024,4,True
2542,2024-12-16,16,12,2024,4,False
2543,2024-12-17,17,12,2024,4,False
2544,2024-12-18,18,12,2024,4,False
2545,2024-12-19,19,12,2024,4,False
2546,2024-12-20,20,12,2024,4,False
2547,2024-12-21,21,12,2024,4,True
2548,2024-12-22,22,12,2024,4,True
2549,2024-12-23,23,12,2024,4,False
2550,2024-12-24,24,12,2024,4,False
2551,2024-12-25,25,12,2024,4,False
2552,2024-12-26,26,12,2024,4,False
2553,2024-12-27,27,12,2024,4,False
2554,2024-12-28,28,12,2024,4,True
2555,2024-12-29,29,12,2024,4,True
2556,2024-12-30,30,12,2024,4,False
2557,2024-12-31,31,12,2024,4,False
